smiles,cation,anion,cellulose_crystal,T,heating_time,solv,Ref.
CCCCn1cc[n+](C)c1.CC(=O)[O-],CCCCn1cc[n+](C)c1,CC(=O)[O-],MCC,70,2,15.5,A. Xu et al. / Journal of Molecular Liquids 197 (2014) 211â€“214
CCCCn1cc[n+](C)c1.CCC(=O)[O-],CCCCn1cc[n+](C)c1,CCC(=O)[O-],MCC,70,2,17.5,A. Xu et al. / Journal of Molecular Liquids 197 (2014) 211â€“214
CCCCn1cc[n+](C)c1.CCCC(=O)[O-],CCCCn1cc[n+](C)c1,CCCC(=O)[O-],MCC,70,2,14,A. Xu et al. / Journal of Molecular Liquids 197 (2014) 211â€“214
CCCCn1cc[n+](C)c1.O=C[O-],CCCCn1cc[n+](C)c1,O=C[O-],MCC,70,2,12.5,A. Xu et al. / Journal of Molecular Liquids 197 (2014) 211â€“214
C1CCC2=[NH+]CCCN2CC1.CCCC(=O)[O-],C1CCC2=[NH+]CCCN2CC1,CCCC(=O)[O-],MCC,100,24,27,"Aust. J. Chem. 2019, 72, 55â€“60"
C1CCC2=[NH+]CCCN2CC1.CCC(=O)[O-],C1CCC2=[NH+]CCCN2CC1,CCC(=O)[O-],MCC,100,24,27,"Aust. J. Chem. 2019, 72, 55â€“60"
C1CCC2=[NH+]CCCN2CC1.CCCCCC(=O)[O-],C1CCC2=[NH+]CCCN2CC1,CCCCCC(=O)[O-],MCC,100,24,24,"Aust. J. Chem. 2019, 72, 55â€“60"
C1CCC2=[NH+]CCCN2CC1.CCCCCCCC(=O)[O-],C1CCC2=[NH+]CCCN2CC1,CCCCCCCC(=O)[O-],MCC,100,24,3,"Aust. J. Chem. 2019, 72, 55â€“60"
C1CCC2=[NH+]CCCN2CC1.CCCCCCCCCC(=O)[O-],C1CCC2=[NH+]CCCN2CC1,CCCCCCCCCC(=O)[O-],MCC,100,24,1,"Aust. J. Chem. 2019, 72, 55â€“60"
C1CCC2=[NH+]CCCN2CC1.CC(=O)[O-],C1CCC2=[NH+]CCCN2CC1,CC(=O)[O-],MCC,100,24,28,"Aust. J. Chem. 2019, 72, 55â€“60"
CCCCn1cc[n+](C)c1COCCOC.[Cl-],CCCCn1cc[n+](C)c1COCCOC,[Cl-],cellulose,100,5,0,Baek et al. / Journal of Molecular Liquids 234 (2017) 111â€“116
CCn1cc[n+](C)c1COCCOC.O=C[O-],CCn1cc[n+](C)c1COCCOC,O=C[O-],cellulose,80,1,10,Baek et al. / Journal of Molecular Liquids 234 (2017) 111â€“116
CCn1cc[n+](C)c1C.CC(=O)[O-],CCn1cc[n+](C)c1C,CC(=O)[O-],cellulose,100,5,0,Baek et al. / Journal of Molecular Liquids 234 (2017) 111â€“116
CCn1cc[n+](C)c1COC.[Cl-],CCn1cc[n+](C)c1COC,[Cl-],cellulose,100,5,0,Baek et al. / Journal of Molecular Liquids 234 (2017) 111â€“116
CCn1cc[n+](C)c1COCCOC.CC(=O)[O-],CCn1cc[n+](C)c1COCCOC,CC(=O)[O-],cellulose,100,5,10,Baek et al. / Journal of Molecular Liquids 234 (2017) 111â€“116
CCn1cc[n+](C)c1COC.CC(=O)[O-],CCn1cc[n+](C)c1COC,CC(=O)[O-],cellulose,100,5,10,Baek et al. / Journal of Molecular Liquids 234 (2017) 111â€“116
CCn1cc[n+](C)c1COC.O=C[O-],CCn1cc[n+](C)c1COC,O=C[O-],cellulose,100,5,6,Baek et al. / Journal of Molecular Liquids 234 (2017) 111â€“116
CCCCn1cc[n+](C)c1COC.[Cl-],CCCCn1cc[n+](C)c1COC,[Cl-],cellulose,100,5,0,Baek et al. / Journal of Molecular Liquids 234 (2017) 111â€“116
CCCCn1cc[n+](C)c1.CC(=O)[O-],CCCCn1cc[n+](C)c1,CC(=O)[O-],cellulose,100,5,15,Baek et al. / Journal of Molecular Liquids 234 (2017) 111â€“116
CCn1cc[n+](C)c1COCCOC.[Cl-],CCn1cc[n+](C)c1COCCOC,[Cl-],cellulose,100,5,0,Baek et al. / Journal of Molecular Liquids 234 (2017) 111â€“116
CCCCn1cc[n+](C)c1COCCOC.CC(=O)[O-],CCCCn1cc[n+](C)c1COCCOC,CC(=O)[O-],cellulose,100,5,10,Baek et al. / Journal of Molecular Liquids 234 (2017) 111â€“116
CCCCn1cc[n+](C)c1COC.CC(=O)[O-],CCCCn1cc[n+](C)c1COC,CC(=O)[O-],cellulose,100,5,6,Baek et al. / Journal of Molecular Liquids 234 (2017) 111â€“116
C[N+](C)(C)CCO.NC(CC(=O)[O-])C(=O)[O-],C[N+](C)(C)CCO,NC(CC(=O)[O-])C(=O)[O-],cellulose,90,24,0,"Biotechnology and Bioengineering, Vol. 112, No. 1, January, 2015"
C[N+](C)(C)CCO.O=C([O-])c1ccccc1,C[N+](C)(C)CCO,O=C([O-])c1ccccc1,cellulose,90,24,0,"Biotechnology and Bioengineering, Vol. 112, No. 1, January, 2015"
C[N+](C)(C)CCO.O=C([O-])c1cccnc1,C[N+](C)(C)CCO,O=C([O-])c1cccnc1,cellulose,90,24,0,"Biotechnology and Bioengineering, Vol. 112, No. 1, January, 2015"
C[N+](C)(C)CCO.CC(O)C(=O)[O-],C[N+](C)(C)CCO,CC(O)C(=O)[O-],cellulose,90,24,0,"Biotechnology and Bioengineering, Vol. 112, No. 1, January, 2015"
C[N+](C)(C)CCO.O=C[O-],C[N+](C)(C)CCO,O=C[O-],cellulose,90,24,0,"Biotechnology and Bioengineering, Vol. 112, No. 1, January, 2015"
C[N+](C)(C)CCO.O=C([O-])CNC(=O)OCc1ccccc1,C[N+](C)(C)CCO,O=C([O-])CNC(=O)OCc1ccccc1,cellulose,90,24,0,"Biotechnology and Bioengineering, Vol. 112, No. 1, January, 2015"
C[N+](C)(C)CCO.O=C(O)CC(O)C(=O)[O-],C[N+](C)(C)CCO,O=C(O)CC(O)C(=O)[O-],cellulose,90,24,0,"Biotechnology and Bioengineering, Vol. 112, No. 1, January, 2015"
C[N+](C)(C)CCO.NCC(=O)[O-],C[N+](C)(C)CCO,NCC(=O)[O-],cellulose,90,24,0,"Biotechnology and Bioengineering, Vol. 112, No. 1, January, 2015"
C[N+](C)(C)CCO.NC(CC(=O)O)C(=O)[O-],C[N+](C)(C)CCO,NC(CC(=O)O)C(=O)[O-],cellulose,90,24,0,"Biotechnology and Bioengineering, Vol. 112, No. 1, January, 2015"
C[N+](C)(C)CCO.CCCCCC(=O)[O-],C[N+](C)(C)CCO,CCCCCC(=O)[O-],cellulose,90,24,0,"Biotechnology and Bioengineering, Vol. 112, No. 1, January, 2015"
C[N+](C)(C)CCO.CC(=O)[O-],C[N+](C)(C)CCO,CC(=O)[O-],cellulose,90,24,0,"Biotechnology and Bioengineering, Vol. 112, No. 1, January, 2015"
C[N+](C)(C)CCO.CC(C)(C)C(=O)[O-],C[N+](C)(C)CCO,CC(C)(C)C(=O)[O-],cellulose,90,24,0,"Biotechnology and Bioengineering, Vol. 112, No. 1, January, 2015"
C[N+](C)(C)CCO.O=C([O-])CO,C[N+](C)(C)CCO,O=C([O-])CO,cellulose,90,24,0,"Biotechnology and Bioengineering, Vol. 112, No. 1, January, 2015"
C[N+](C)(C)CCO.CC(C)(C)OC(=O)NCC(=O)[O-],C[N+](C)(C)CCO,CC(C)(C)OC(=O)NCC(=O)[O-],cellulose,90,24,0,"Biotechnology and Bioengineering, Vol. 112, No. 1, January, 2015"
C[N+](C)(C)CCO.CCCC(=O)[O-],C[N+](C)(C)CCO,CCCC(=O)[O-],cellulose,90,24,0,"Biotechnology and Bioengineering, Vol. 112, No. 1, January, 2015"
C[N+](C)(C)CCO.O=C([O-])CCC(=O)O,C[N+](C)(C)CCO,O=C([O-])CCC(=O)O,cellulose,90,24,0,"Biotechnology and Bioengineering, Vol. 112, No. 1, January, 2015"
C[N+](C)(C)CCO.O=C([O-])C(F)(F)F,C[N+](C)(C)CCO,O=C([O-])C(F)(F)F,cellulose,90,24,0,"Biotechnology and Bioengineering, Vol. 112, No. 1, January, 2015"
C[N+](C)(C)CCO.CC(N)C(=O)[O-],C[N+](C)(C)CCO,CC(N)C(=O)[O-],cellulose,90,24,0,"Biotechnology and Bioengineering, Vol. 112, No. 1, January, 2015"
C[N+](C)(C)CCO.CCCCC(CC)C(=O)[O-],C[N+](C)(C)CCO,CCCCC(CC)C(=O)[O-],cellulose,90,24,0,"Biotechnology and Bioengineering, Vol. 112, No. 1, January, 2015"
C[N+](C)(C)CCO.O=C([O-])C(=O)O,C[N+](C)(C)CCO,O=C([O-])C(=O)O,cellulose,90,24,0,"Biotechnology and Bioengineering, Vol. 112, No. 1, January, 2015"
C[N+](C)(C)CCO.CCCCCCCC(=O)[O-],C[N+](C)(C)CCO,CCCCCCCC(=O)[O-],cellulose,90,24,0,"Biotechnology and Bioengineering, Vol. 112, No. 1, January, 2015"
CCCCn1cc[n+](C)c1.c1c[n-]nn1,CCCCn1cc[n+](C)c1,c1c[n-]nn1,MCC,20,72,4,Carbohydrate Polymers 229 (2020) 115594
CCn1cc[n+](C)c1.c1nc[n-]n1,CCn1cc[n+](C)c1,c1nc[n-]n1,MCC,20,72,6,Carbohydrate Polymers 229 (2020) 115594
CCn1cc[n+](C)c1.c1c[n-]nn1,CCn1cc[n+](C)c1,c1c[n-]nn1,cellulose,20,72,8,Carbohydrate Polymers 229 (2020) 115594
CCn1cc[n+](C)c1.c1ccc2[n-]nnc2c1,CCn1cc[n+](C)c1,c1ccc2[n-]nnc2c1,MCC,20,72,2,Carbohydrate Polymers 229 (2020) 115594
CCn1cc[n+](C)c1.[O-]c1ccccc1,CCn1cc[n+](C)c1,[O-]c1ccccc1,cellulose,20,6,14,Carbohydrate Polymers 229 (2020) 115594
CCn1cc[n+](C)c1.[O-]c1ccccc1,CCn1cc[n+](C)c1,[O-]c1ccccc1,MCC,20,6,15,Carbohydrate Polymers 229 (2020) 115594
CCn1cc[n+](C)c1.c1c[n-]nn1,CCn1cc[n+](C)c1,c1c[n-]nn1,MCC,20,72,12,Carbohydrate Polymers 229 (2020) 115594
CCn1cc[n+](C)c1.c1nc[n-]n1,CCn1cc[n+](C)c1,c1nc[n-]n1,cellulose,20,72,5,Carbohydrate Polymers 229 (2020) 115594
CCCCn1cc[n+](C)c1.c1nc[n-]n1,CCCCn1cc[n+](C)c1,c1nc[n-]n1,MCC,20,72,3,Carbohydrate Polymers 229 (2020) 115594
CCCCCCn1cc[n+](C)c1.[O-]c1ccccc1,CCCCCCn1cc[n+](C)c1,[O-]c1ccccc1,MCC,20,96,0,Carbohydrate Polymers 229 (2020) 115594
CCCCn1cc[n+](C)c1.[O-]c1ccccc1,CCCCn1cc[n+](C)c1,[O-]c1ccccc1,MCC,20,72,5,Carbohydrate Polymers 229 (2020) 115594
CC[N+](C)(CC)CCOC.[OH-],CC[N+](C)(CC)CCOC,[OH-],cellulose,100,24,5,"ChemSusChem 2012, 5, 388 â€“ 391"
CC[N+](C)(CC)CCOC.NC(CCC(=O)O)C(=O)[O-],CC[N+](C)(CC)CCOC,NC(CCC(=O)O)C(=O)[O-],cellulose,100,24,0,"ChemSusChem 2012, 5, 388 â€“ 391"
CCn1cc[n+](C)c1.CC(N)C(=O)[O-],CCn1cc[n+](C)c1,CC(N)C(=O)[O-],cellulose,100,24,7,"ChemSusChem 2012, 5, 388 â€“ 391"
C[n+]1ccccc1.CC(N)C(=O)[O-],C[n+]1ccccc1,CC(N)C(=O)[O-],cellulose,100,24,0,"ChemSusChem 2012, 5, 388 â€“ 391"
CC[N+](C)(CC)CCOC.CCC(C)C(N)C(=O)[O-],CC[N+](C)(CC)CCOC,CCC(C)C(N)C(=O)[O-],cellulose,100,24,7,"ChemSusChem 2012, 5, 388 â€“ 391"
CC[N+](C)(CC)CCOC.NCC(=O)O,CC[N+](C)(CC)CCOC,NCC(=O)O,cellulose,100,24,4,"ChemSusChem 2012, 5, 388 â€“ 391"
CC[N+](C)(CC)CCOC.CC(C)CC(N)C(=O)[O-],CC[N+](C)(CC)CCOC,CC(C)CC(N)C(=O)[O-],cellulose,100,24,5,"ChemSusChem 2012, 5, 388 â€“ 391"
CC[N+](C)(CC)CCOC.NCCCCC(N)C(=O)[O-],CC[N+](C)(CC)CCOC,NCCCCC(N)C(=O)[O-],cellulose,100,24,11,"ChemSusChem 2012, 5, 388 â€“ 391"
CC[N+](C)(CC)CCOC.[Br-],CC[N+](C)(CC)CCOC,[Br-],cellulose,100,24,0,"ChemSusChem 2012, 5, 388 â€“ 391"
CC[N+](C)(CC)CCOC.NC(CO)C(=O)[O-],CC[N+](C)(CC)CCOC,NC(CO)C(=O)[O-],cellulose,100,24,4,"ChemSusChem 2012, 5, 388 â€“ 391"
CC[N+](C)(CC)CCOC.NC(Cc1c[nH]c2ccccc12)C(=O)[O-],CC[N+](C)(CC)CCOC,NC(Cc1c[nH]c2ccccc12)C(=O)[O-],cellulose,100,24,5,"ChemSusChem 2012, 5, 388 â€“ 391"
CC[N+](C)(CC)CCOC.CC(=O)[O-],CC[N+](C)(CC)CCOC,CC(=O)[O-],cellulose,100,24,7,"ChemSusChem 2012, 5, 388 â€“ 391"
CC[N+](C)(CC)CCOC.NC(CC(=O)O)C(=O)[O-],CC[N+](C)(CC)CCOC,NC(CC(=O)O)C(=O)[O-],cellulose,100,24,1,"ChemSusChem 2012, 5, 388 â€“ 391"
CC[N+](C)(CC)CCOC.NC(Cc1ccc(O)cc1)C(=O)[O-],CC[N+](C)(CC)CCOC,NC(Cc1ccc(O)cc1)C(=O)[O-],cellulose,100,24,5,"ChemSusChem 2012, 5, 388 â€“ 391"
CC[N+](C)(CC)CCOC.N=C(N)NCCCC(N)C(=O)[O-],CC[N+](C)(CC)CCOC,N=C(N)NCCCC(N)C(=O)[O-],cellulose,100,24,1,"ChemSusChem 2012, 5, 388 â€“ 391"
CC[N+](C)(CC)CCOC.NC(CS)C(=O)[O-],CC[N+](C)(CC)CCOC,NC(CS)C(=O)[O-],cellulose,100,24,1,"ChemSusChem 2012, 5, 388 â€“ 391"
CC[N+](C)(CC)CCOC.CO[PH](=O)[O-],CC[N+](C)(CC)CCOC,CO[PH](=O)[O-],cellulose,100,24,7,"ChemSusChem 2012, 5, 388 â€“ 391"
CC[N+](C)(CC)CCOC.NC(=O)CC(N)C(=O)[O-],CC[N+](C)(CC)CCOC,NC(=O)CC(N)C(=O)[O-],cellulose,100,24,5,"ChemSusChem 2012, 5, 388 â€“ 391"
CC[N+](C)(CC)CCOC.NC(=O)CCC(N)C(=O)[O-],CC[N+](C)(CC)CCOC,NC(=O)CCC(N)C(=O)[O-],cellulose,100,24,3,"ChemSusChem 2012, 5, 388 â€“ 391"
CC[N+](C)(CC)CCOC.CC(O)C(N)C(=O)[O-],CC[N+](C)(CC)CCOC,CC(O)C(N)C(=O)[O-],cellulose,100,24,7,"ChemSusChem 2012, 5, 388 â€“ 391"
CC[N+](C)(CC)CCOC.NC(Cc1ccccc1)C(=O)[O-],CC[N+](C)(CC)CCOC,NC(Cc1ccccc1)C(=O)[O-],cellulose,100,24,5,"ChemSusChem 2012, 5, 388 â€“ 391"
CC[N+](C)(CC)CCOC.O=C(O)C1CCCN1,CC[N+](C)(CC)CCOC,O=C(O)C1CCCN1,cellulose,100,24,1,"ChemSusChem 2012, 5, 388 â€“ 391"
CC[N+](C)(CC)CCOC.NC(Cc1c[nH]cn1)C(=O)[O-],CC[N+](C)(CC)CCOC,NC(Cc1c[nH]cn1)C(=O)[O-],cellulose,100,24,1,"ChemSusChem 2012, 5, 388 â€“ 391"
CC[N+](C)(CC)CCOC.NCCCC(N)C(=O)[O-],CC[N+](C)(CC)CCOC,NCCCC(N)C(=O)[O-],cellulose,100,24,8,"ChemSusChem 2012, 5, 388 â€“ 391"
CC[N+](C)(CC)CCOC.CC(C)C(N)C(=O)[O-],CC[N+](C)(CC)CCOC,CC(C)C(N)C(=O)[O-],cellulose,100,24,5,"ChemSusChem 2012, 5, 388 â€“ 391"
CCCC[N+](C)(CC)CC.CC(N)C(=O)[O-],CCCC[N+](C)(CC)CC,CC(N)C(=O)[O-],cellulose,100,24,1,"ChemSusChem 2012, 5, 388 â€“ 391"
CC[N+](C)(CC)CCOC.CSCCC(N)C(=O)[O-],CC[N+](C)(CC)CCOC,CSCCC(N)C(=O)[O-],cellulose,100,24,5,"ChemSusChem 2012, 5, 388 â€“ 391"
CC[N+](C)(CC)CCOC.CC(N)C(=O)[O-],CC[N+](C)(CC)CCOC,CC(N)C(=O)[O-],cellulose,100,24,12,"ChemSusChem 2012, 5, 388 â€“ 391"
C=CC[N+](C)(C)C.CC(=O)[O-],C=CC[N+](C)(C)C,CC(=O)[O-],cellulose,100,24,0,D.G. Raut et al. / Carbohydrate Polymers 130 (2015) 18â€“25
C=CC[N+](CC)(CC)CC.CC(=O)[O-],C=CC[N+](CC)(CC)CC,CC(=O)[O-],cellulose,100,24,0,D.G. Raut et al. / Carbohydrate Polymers 130 (2015) 18â€“25
C=CC[N+](CC=C)(CC=C)CC=C.CC(=O)[O-],C=CC[N+](CC=C)(CC=C)CC=C,CC(=O)[O-],cellulose,100,24,0,D.G. Raut et al. / Carbohydrate Polymers 130 (2015) 18â€“25
C=CC[N+](CCCC)(CCCC)CCCC.CC(=O)[O-],C=CC[N+](CCCC)(CCCC)CCCC,CC(=O)[O-],cellulose,100,24,0,D.G. Raut et al. / Carbohydrate Polymers 130 (2015) 18â€“25
C=CC[N+]1(C)CCOCC1.O=S(=O)([O-])O,C=CC[N+]1(C)CCOCC1,O=S(=O)([O-])O,cellulose,100,0.5,6.37,European Polymer Journal 92 (2017) 204â€“212
C=CC[N+]1(C)CCOCC1.CC(=O)[O-],C=CC[N+]1(C)CCOCC1,CC(=O)[O-],cellulose,100,0.5,6.05,European Polymer Journal 92 (2017) 204â€“212
C=CC[N+]1(C)CCOCC1.CC(O)C(=O)[O-],C=CC[N+]1(C)CCOCC1,CC(O)C(=O)[O-],cellulose,100,0.5,2.11,European Polymer Journal 92 (2017) 204â€“212
C=CCn1cc[n+](C)c1.[Cl-],C=CCn1cc[n+](C)c1,[Cl-],cellulose,120,0.6,4.88,European Polymer Journal 92 (2017) 204â€“212
C=CC[N+]1(C)CCOCC1.O=C[O-],C=CC[N+]1(C)CCOCC1,O=C[O-],cellulose,100,0.5,4.2,European Polymer Journal 92 (2017) 204â€“212
C=CC[N+]1(C)CCOCC1.[Cl-],C=CC[N+]1(C)CCOCC1,[Cl-],cellulose,100,0.5,5.75,European Polymer Journal 92 (2017) 204â€“212
C=CC[N+]1(C)CCOCC1.[Cl-],C=CC[N+]1(C)CCOCC1,[Cl-],cellulose,100,0.5,5.75,European Polymer Journal 92 (2017) 204â€“212
C=CC[n+]1cccc(C)c1.[Cl-],C=CC[n+]1cccc(C)c1,[Cl-],cellulose,110,2,2.21,European Polymer Journal 92 (2017) 204â€“212
COCC[NH+](C)C.CC(=O)[O-],COCC[NH+](C)C,CC(=O)[O-],Avicel,110,1,0.5,"Green Chem., 2008, 10, 696â€“705"
C[N+](C)(C)CCO.O=S(=O)([N-]S(=O)(=O)C(F)(F)F)C(F)(F)F,C[N+](C)(C)CCO,O=S(=O)([N-]S(=O)(=O)C(F)(F)F)C(F)(F)F,Avicel,110,1,0,"Green Chem., 2008, 10, 696â€“705"
C[NH+](C)CCO.CC(=O)[O-],C[NH+](C)CCO,CC(=O)[O-],Avicel,110,1,0.5,"Green Chem., 2008, 10, 696â€“705"
COCCOCCOCCn1cc[n+](COCCOC)c1.CC(=O)[O-],COCCOCCOCCn1cc[n+](COCCOC)c1,CC(=O)[O-],Avicel,110,1,0.5,"Green Chem., 2008, 10, 696â€“705"
CCCCCCCCCCCCCC[P+](CCCCCC)(CCCCCC)CCCCCC.N#C[N-]C#N,CCCCCCCCCCCCCC[P+](CCCCCC)(CCCCCC)CCCCCC,N#C[N-]C#N,Avicel,110,1,0.5,"Green Chem., 2008, 10, 696â€“705"
CCn1cc[n+](C)c1.O=S(=O)([N-]S(=O)(=O)C(F)(F)F)C(F)(F)F,CCn1cc[n+](C)c1,O=S(=O)([N-]S(=O)(=O)C(F)(F)F)C(F)(F)F,Avicel,110,1,0,"Green Chem., 2008, 10, 696â€“705"
COCC[NH2+]CCOC.CC(=O)[O-],COCC[NH2+]CCOC,CC(=O)[O-],Avicel,110,1,0.5,"Green Chem., 2008, 10, 696â€“705"
CC[N+](CC)(CC)OCCOCCOC.CC(=O)[O-],CC[N+](CC)(CC)OCCOCCOC,CC(=O)[O-],Avicel,110,1,10,"Green Chem., 2008, 10, 696â€“705"
CC[n+]1ccn(CCOCCOCCOCCOC)c1.CC(=O)[O-],CC[n+]1ccn(CCOCCOCCOCCOC)c1,CC(=O)[O-],Avicel,110,1,10,"Green Chem., 2008, 10, 696â€“705"
C[N+](C)(C)CCO.N#C[N-]C#N,C[N+](C)(C)CCO,N#C[N-]C#N,Avicel,110,1,0,"Green Chem., 2008, 10, 696â€“705"
CCCC[P+](CCCC)(CCCC)CCCC.O=C[O-],CCCC[P+](CCCC)(CCCC)CCCC,O=C[O-],Avicel,110,1,6,"Green Chem., 2008, 10, 696â€“705"
CCCC[N+](CCCC)(CCCC)CCCC.O=C[O-],CCCC[N+](CCCC)(CCCC)CCCC,O=C[O-],Avicel,110,1,1.5,"Green Chem., 2008, 10, 696â€“705"
CC[N+](C)(CC)CCOC(C)OC(C)OC(C)OC(C)OC(C)O.N#C[N-]C#N,CC[N+](C)(CC)CCOC(C)OC(C)OC(C)OC(C)OC(C)O,N#C[N-]C#N,Avicel,110,1,0.5,"Green Chem., 2008, 10, 696â€“705"
CC[N+](CC)(CC)CCOCCOC.CC(=O)[O-],CC[N+](CC)(CC)CCOCCOC,CC(=O)[O-],Avicel,110,1,10,"Green Chem., 2008, 10, 696â€“705"
C[n+]1ccn(CCOCCO)c1.CC(=O)[O-],C[n+]1ccn(CCOCCO)c1,CC(=O)[O-],Avicel,110,1,5,"Green Chem., 2008, 10, 696â€“705"
CC[N+](C)(CC)CCOC(C)OC(C)OC(C)OC(C)OC(C)O.[Cl-],CC[N+](C)(CC)CCOC(C)OC(C)OC(C)OC(C)OC(C)O,[Cl-],Avicel,110,1,0.5,"Green Chem., 2008, 10, 696â€“705"
CC[n+]1ccn(CCOCCOC)c1.CC(=O)[O-],CC[n+]1ccn(CCOCCOC)c1,CC(=O)[O-],Avicel,110,1,12,"Green Chem., 2008, 10, 696â€“705"
CC[n+]1ccn(CCCOCCCOCCCOC)c1.CC(=O)[O-],CC[n+]1ccn(CCCOCCCOCCCOC)c1,CC(=O)[O-],Avicel,110,1,0.5,"Green Chem., 2008, 10, 696â€“705"
COCC[NH+](C)CCOC.CC(=O)[O-],COCC[NH+](C)CCOC,CC(=O)[O-],Avicel,110,1,0.5,"Green Chem., 2008, 10, 696â€“705"
CC[N+](C)(CC)CCOC(C)OC(C)OC(C)OC(C)OC(C)O.O=S(=O)([N-]S(=O)(=O)C(F)(F)F)C(F)(F)F,CC[N+](C)(CC)CCOC(C)OC(C)OC(C)OC(C)OC(C)O,O=S(=O)([N-]S(=O)(=O)C(F)(F)F)C(F)(F)F,Avicel,110,1,0,"Green Chem., 2008, 10, 696â€“705"
C[n+]1ccn(CCOCCO)c1.[Cl-],C[n+]1ccn(CCOCCO)c1,[Cl-],Avicel,110,1,1,"Green Chem., 2008, 10, 696â€“705"
C[n+]1ccn(CCOCCOCCO)c1.CC(=O)[O-],C[n+]1ccn(CCOCCOCCO)c1,CC(=O)[O-],Avicel,110,1,2,"Green Chem., 2008, 10, 696â€“705"
CCCCn1cc[n+](C)c1.O=S(=O)([N-]S(=O)(=O)C(F)(F)F)C(F)(F)F,CCCCn1cc[n+](C)c1,O=S(=O)([N-]S(=O)(=O)C(F)(F)F)C(F)(F)F,Avicel,110,1,0.5,"Green Chem., 2008, 10, 696â€“705"
CC[N+](C)(CC)CCOC(C)OC(C)OC(C)OC(C)OC(C)O.O=C[O-],CC[N+](C)(CC)CCOC(C)OC(C)OC(C)OC(C)OC(C)O,O=C[O-],Avicel,110,1,0.5,"Green Chem., 2008, 10, 696â€“705"
CC[n+]1ccn(CCOCCOCCOCCOCCOCCOCCOC)c1.CC(=O)[O-],CC[n+]1ccn(CCOCCOCCOCCOCCOCCOCCOC)c1,CC(=O)[O-],Avicel,110,1,3,"Green Chem., 2008, 10, 696â€“705"
CC[n+]1ccn(CCOCCOCCOC)c1.CC(=O)[O-],CC[n+]1ccn(CCOCCOCCOC)c1,CC(=O)[O-],Avicel,110,1,12,"Green Chem., 2008, 10, 696â€“705"
CCCCn1cc[n+](C)c1.N#C[N-]C#N,CCCCn1cc[n+](C)c1,N#C[N-]C#N,Avicel,110,1,1,"Green Chem., 2008, 10, 696â€“705"
CCCC[n+]1ccn(CCOCCOCCOC)c1.CC(=O)[O-],CCCC[n+]1ccn(CCOCCOCCOC)c1,CC(=O)[O-],Avicel,110,1,0.5,"Green Chem., 2008, 10, 696â€“705"
C[n+]1cc[nH]c1.O=S(=O)([N-]S(=O)(=O)C(F)(F)F)C(F)(F)F,C[n+]1cc[nH]c1,O=S(=O)([N-]S(=O)(=O)C(F)(F)F)C(F)(F)F,Avicel,110,1,0,"Green Chem., 2008, 10, 696â€“705"
CC[N+](C)(CC)CCOC(C)OC(C)OC(C)OC(C)OC(C)O.CC(=O)[O-],CC[N+](C)(CC)CCOC(C)OC(C)OC(C)OC(C)OC(C)O,CC(=O)[O-],Avicel,110,1,0.5,"Green Chem., 2008, 10, 696â€“705"
CC[n+]1ccn(CCOCCOC)c1.[Cl-],CC[n+]1ccn(CCOCCOC)c1,[Cl-],Avicel,110,1,2,"Green Chem., 2008, 10, 696â€“705"
CCCCn1cc[n+](C)c1.O=[N+]([O-])[O-],CCCCn1cc[n+](C)c1,O=[N+]([O-])[O-],Avicel,100,1,0,"Green Chem., 2009,11, 417-424"
CCCCn1cc[n+](C)c1.[I-],CCCCn1cc[n+](C)c1,[I-],Avicel,100,1,2,"Green Chem., 2009,11, 417-424"
CCCn1cc[n+](C)c1.[Br-],CCCn1cc[n+](C)c1,[Br-],Avicel,100,1,2,"Green Chem., 2009,11, 417-424"
Cn1cc[n+](C)c1.COP(=O)([O-])OC,Cn1cc[n+](C)c1,COP(=O)([O-])OC,Avicel,100,1,10,"Green Chem., 2009,11, 417-424"
CCCCCn1cc[n+](C)c1.[Cl-],CCCCCn1cc[n+](C)c1,[Cl-],Avicel,100,1,1,"Green Chem., 2009,11, 417-424"
CCCCn1cc[n+](C)c1.F[B-](F)(F)F,CCCCn1cc[n+](C)c1,F[B-](F)(F)F,Avicel,100,1,0,"Green Chem., 2009,11, 417-424"
CCn1cc[n+](C)c1.CCOS(=O)(=O)[O-],CCn1cc[n+](C)c1,CCOS(=O)(=O)[O-],Avicel,100,1,0,"Green Chem., 2009,11, 417-424"
CCCCCCCCn1cc[n+](C)c1.[Br-],CCCCCCCCn1cc[n+](C)c1,[Br-],Avicel,100,1,1,"Green Chem., 2009,11, 417-424"
CCCCn1cc[n+](C)c1.CCCCOP(=O)([O-])OCCCC,CCCCn1cc[n+](C)c1,CCCCOP(=O)([O-])OCCCC,Avicel,100,1,0,"Green Chem., 2009,11, 417-424"
CCCCCCCn1cc[n+](C)c1.[Cl-],CCCCCCCn1cc[n+](C)c1,[Cl-],Avicel,100,1,5,"Green Chem., 2009,11, 417-424"
CCn1cc[n+](C)c1.[Cl-],CCn1cc[n+](C)c1,[Cl-],Avicel,100,1,14,"Green Chem., 2009,11, 417-424"
CCCCCn1cc[n+](C)c1.[Br-],CCCCCn1cc[n+](C)c1,[Br-],Avicel,100,1,2,"Green Chem., 2009,11, 417-424"
CCCn1cc[n+](C)c1.[Cl-],CCCn1cc[n+](C)c1,[Cl-],Avicel,100,1,0,"Green Chem., 2009,11, 417-424"
CCn1cc[n+](C)c1.CCOP(=O)([O-])OCC,CCn1cc[n+](C)c1,CCOP(=O)([O-])OCC,Avicel,100,1,14,"Green Chem., 2009,11, 417-424"
CCCCCCCCCCn1cc[n+](C)c1.[Br-],CCCCCCCCCCn1cc[n+](C)c1,[Br-],Avicel,100,1,0,"Green Chem., 2009,11, 417-424"
Cn1cc[n+](C)c1.[I-],Cn1cc[n+](C)c1,[I-],Avicel,100,1,0,"Green Chem., 2009,11, 417-424"
CCCCCCn1cc[n+](C)c1.[Br-],CCCCCCn1cc[n+](C)c1,[Br-],Avicel,100,1,2,"Green Chem., 2009,11, 417-424"
CCCCn1cc[n+](C)c1.O=S(=O)([O-])C(F)(F)F,CCCCn1cc[n+](C)c1,O=S(=O)([O-])C(F)(F)F,Avicel,100,1,0,"Green Chem., 2009,11, 417-424"
CCCCCCCCCn1cc[n+](C)c1.[Br-],CCCCCCCCCn1cc[n+](C)c1,[Br-],Avicel,100,1,1,"Green Chem., 2009,11, 417-424"
C=Cn1cc[n+](C)c1.[Br-],C=Cn1cc[n+](C)c1,[Br-],Avicel,100,1,0,"Green Chem., 2009,11, 417-424"
CCn1cc[n+](C)c1.[Br-],CCn1cc[n+](C)c1,[Br-],Avicel,100,1,2,"Green Chem., 2009,11, 417-424"
CCCCn1cc[n+](C)c1.[Cl-],CCCCn1cc[n+](C)c1,[Cl-],Avicel,100,1,20,"Green Chem., 2009,11, 417-424"
CCCCn1cc[n+](C)c1.N#C[S-],CCCCn1cc[n+](C)c1,N#C[S-],Avicel,100,1,7,"Green Chem., 2009,11, 417-424"
CCn1cc[n+](C)c1.[F-],CCn1cc[n+](C)c1,[F-],Avicel,100,1,2,"Green Chem., 2009,11, 417-424"
CCCCCCCCn1cc[n+](C)c1.[Cl-],CCCCCCCCn1cc[n+](C)c1,[Cl-],Avicel,100,1,4,"Green Chem., 2009,11, 417-424"
CCCCCCn1cc[n+](C)c1.[Cl-],CCCCCCn1cc[n+](C)c1,[Cl-],Avicel,100,1,6,"Green Chem., 2009,11, 417-424"
CCn1cc[n+](C)c1.Cc1ccc(S(=O)(=O)[O-])cc1,CCn1cc[n+](C)c1,Cc1ccc(S(=O)(=O)[O-])cc1,Avicel,100,1,1,"Green Chem., 2009,11, 417-424"
CCn1cc[n+](C)c1.N#C[N-]C#N,CCn1cc[n+](C)c1,N#C[N-]C#N,Avicel,100,1,0,"Green Chem., 2009,11, 417-424"
CCCCn1cc[n+](C)c1.[Br-],CCCCn1cc[n+](C)c1,[Br-],Avicel,100,1,3,"Green Chem., 2009,11, 417-424"
CCCCCCCCCCn1cc[n+](C)c1.[Cl-],CCCCCCCCCCn1cc[n+](C)c1,[Cl-],Avicel,100,1,0,"Green Chem., 2009,11, 417-424"
CCCCCCCn1cc[n+](C)c1.[Br-],CCCCCCCn1cc[n+](C)c1,[Br-],Avicel,100,1,1,"Green Chem., 2009,11, 417-424"
CCCCCCCCCn1cc[n+](C)c1.[Cl-],CCCCCCCCCn1cc[n+](C)c1,[Cl-],Avicel,100,1,2,"Green Chem., 2009,11, 417-424"
CCCCn1cc[n+](C)c1.O=S(=O)([N-]S(=O)(=O)C(F)(F)F)C(F)(F)F,CCCCn1cc[n+](C)c1,O=S(=O)([N-]S(=O)(=O)C(F)(F)F)C(F)(F)F,Avicel,100,1,0,"Green Chem., 2009,11, 417-424"
CCCCn1cc[n+](C)c1.CC(O)C(=O)[O-],CCCCn1cc[n+](C)c1,CC(O)C(=O)[O-],MCC,40,1,0,"Green Chem., 2010, 12, 268â€“275"
CCCCn1cc[n+](C)c1.N#C[N-]C#N,CCCCn1cc[n+](C)c1,N#C[N-]C#N,MCC,70,1,0,"Green Chem., 2010, 12, 268â€“275"
CCCCn1cc[n+](C)c1.CCCCCCC(=O)[O-],CCCCn1cc[n+](C)c1,CCCCCCC(=O)[O-],MCC,40,1,1,"Green Chem., 2010, 12, 268â€“275"
CCCCn1cc[n+](C)c1.O=C([O-])CS,CCCCn1cc[n+](C)c1,O=C([O-])CS,MCC,40,1,1,"Green Chem., 2010, 12, 268â€“275"
CCCCn1cc[n+](C)c1.CCCCCCC(=O)[O-],CCCCn1cc[n+](C)c1,CCCCCCC(=O)[O-],MCC,70,1,12,"Green Chem., 2010, 12, 268â€“275"
CCCCn1cc[n+](C)c1.O=C[O-],CCCCn1cc[n+](C)c1,O=C[O-],MCC,40,1,7.5,"Green Chem., 2010, 12, 268â€“275"
CCCCn1cc[n+](C)c1.O=C([O-])CS,CCCCn1cc[n+](C)c1,O=C([O-])CS,MCC,50,1,9.5,"Green Chem., 2010, 12, 268â€“275"
CCCCn1cc[n+](C)c1.O=C[O-],CCCCn1cc[n+](C)c1,O=C[O-],MCC,60,1,9,"Green Chem., 2010, 12, 268â€“275"
CCCCn1cc[n+](C)c1.CC(O)C(=O)[O-],CCCCn1cc[n+](C)c1,CC(O)C(=O)[O-],MCC,60,1,8,"Green Chem., 2010, 12, 268â€“275"
CCCCn1cc[n+](C)c1.CC(O)C(=O)[O-],CCCCn1cc[n+](C)c1,CC(O)C(=O)[O-],MCC,70,1,9.5,"Green Chem., 2010, 12, 268â€“275"
CCCCn1cc[n+](C)c1.N#C[N-]C#N,CCCCn1cc[n+](C)c1,N#C[N-]C#N,MCC,60,1,0,"Green Chem., 2010, 12, 268â€“275"
CCCCn1cc[n+](C)c1.NCC(=O)[O-],CCCCn1cc[n+](C)c1,NCC(=O)[O-],MCC,70,1,12,"Green Chem., 2010, 12, 268â€“275"
CCCCn1cc[n+](C)c1.CC(=O)[O-],CCCCn1cc[n+](C)c1,CC(=O)[O-],MCC,60,1,13,"Green Chem., 2010, 12, 268â€“275"
CCCCn1cc[n+](C)c1.CCCCCCC(=O)[O-],CCCCn1cc[n+](C)c1,CCCCCCC(=O)[O-],MCC,50,1,1,"Green Chem., 2010, 12, 268â€“275"
CCCCn1cc[n+](C)c1.O=C[O-],CCCCn1cc[n+](C)c1,O=C[O-],MCC,50,1,8.5,"Green Chem., 2010, 12, 268â€“275"
CCCCn1cc[n+](C)c1.O=C([O-])CO,CCCCn1cc[n+](C)c1,O=C([O-])CO,MCC,50,1,7.5,"Green Chem., 2010, 12, 268â€“275"
CCCCn1cc[n+](C)c1.O=C[O-],CCCCn1cc[n+](C)c1,O=C[O-],MCC,70,1,12.5,"Green Chem., 2010, 12, 268â€“275"
CCCCn1cc[n+](C)c1.CC(=O)[O-],CCCCn1cc[n+](C)c1,CC(=O)[O-],MCC,50,1,12.5,"Green Chem., 2010, 12, 268â€“275"
CCCCn1cc[n+](C)c1.N#C[N-]C#N,CCCCn1cc[n+](C)c1,N#C[N-]C#N,MCC,50,1,0,"Green Chem., 2010, 12, 268â€“275"
CCCCn1cc[n+](C)c1.O=C([O-])CO,CCCCn1cc[n+](C)c1,O=C([O-])CO,MCC,60,1,9,"Green Chem., 2010, 12, 268â€“275"
CCCCn1cc[n+](C)c1.O=C([O-])CS,CCCCn1cc[n+](C)c1,O=C([O-])CS,MCC,70,1,13.5,"Green Chem., 2010, 12, 268â€“275"
CCCCn1cc[n+](C)c1.O=C([O-])CO,CCCCn1cc[n+](C)c1,O=C([O-])CO,MCC,40,1,0,"Green Chem., 2010, 12, 268â€“275"
CCCCn1cc[n+](C)c1.O=C([O-])CS,CCCCn1cc[n+](C)c1,O=C([O-])CS,MCC,60,1,12.5,"Green Chem., 2010, 12, 268â€“275"
CCCCn1cc[n+](C)c1.CC(=O)[O-],CCCCn1cc[n+](C)c1,CC(=O)[O-],MCC,40,1,11.5,"Green Chem., 2010, 12, 268â€“275"
CCCCn1cc[n+](C)c1.CC(O)C(=O)[O-],CCCCn1cc[n+](C)c1,CC(O)C(=O)[O-],MCC,50,1,0,"Green Chem., 2010, 12, 268â€“275"
CCCCn1cc[n+](C)c1.NCC(=O)[O-],CCCCn1cc[n+](C)c1,NCC(=O)[O-],MCC,40,1,1,"Green Chem., 2010, 12, 268â€“275"
CCCCn1cc[n+](C)c1.N#C[N-]C#N,CCCCn1cc[n+](C)c1,N#C[N-]C#N,MCC,40,1,0,"Green Chem., 2010, 12, 268â€“275"
CCCCn1cc[n+](C)c1.CC(=O)[O-],CCCCn1cc[n+](C)c1,CC(=O)[O-],MCC,70,1,15.5,"Green Chem., 2010, 12, 268â€“275"
CCCCn1cc[n+](C)c1.O=C([O-])CO,CCCCn1cc[n+](C)c1,O=C([O-])CO,MCC,70,1,10.5,"Green Chem., 2010, 12, 268â€“275"
CCCCn1cc[n+](C)c1.NCC(=O)[O-],CCCCn1cc[n+](C)c1,NCC(=O)[O-],MCC,60,1,8,"Green Chem., 2010, 12, 268â€“275"
CCCCn1cc[n+](C)c1.NCC(=O)[O-],CCCCn1cc[n+](C)c1,NCC(=O)[O-],MCC,50,1,2,"Green Chem., 2010, 12, 268â€“275"
CCCCn1cc[n+](C)c1.CCCCCCC(=O)[O-],CCCCn1cc[n+](C)c1,CCCCCCC(=O)[O-],MCC,60,1,1,"Green Chem., 2010, 12, 268â€“275"
C[n+]1ccn(CCC(F)(F)C(F)(F)C(F)(F)C(F)(F)F)c1.[Cl-],C[n+]1ccn(CCC(F)(F)C(F)(F)C(F)(F)C(F)(F)F)c1,[Cl-],MCC,100,12,0,"Green Chem., 2011, 13, 2719"
C[n+]1ccn(CCC(F)(F)C(F)(F)C(F)(F)C(F)(F)F)c1.[Cl-],C[n+]1ccn(CCC(F)(F)C(F)(F)C(F)(F)C(F)(F)F)c1,[Cl-],MCC,140,12,0,"Green Chem., 2011, 13, 2719"
CC[N+](CC)(CC)CCOCCOC.CC(=O)[O-],CC[N+](CC)(CC)CCOCCOC,CC(=O)[O-],Avicel,110,1,12,"Green Chem., 2012, 14, 2922"
COCCOCCOCC[N+]1(C)CCCCC1.COP(=O)([O-])OC,COCCOCCOCC[N+]1(C)CCCCC1,COP(=O)([O-])OC,Avicel,110,1,0,"Green Chem., 2012, 14, 2922"
CC[N+](CC)(CC)CCOCCOCCOC.CC(=O)[O-],CC[N+](CC)(CC)CCOCCOCCOC,CC(=O)[O-],Avicel,110,1,12,"Green Chem., 2012, 14, 2922"
CC[N+]1(CCOCCOCCOC)CCCCC1.CC(=O)[O-],CC[N+]1(CCOCCOCCOC)CCCCC1,CC(=O)[O-],Avicel,80,1,6,"Green Chem., 2012, 14, 2922"
CC[N+]1(CCOCCOCCOC)CCCCC1.CC(=O)[O-],CC[N+]1(CCOCCOCCOC)CCCCC1,CC(=O)[O-],Avicel,110,1,9,"Green Chem., 2012, 14, 2922"
CC[N+]1(CCOCCOC)CCCCC1.CC(=O)[O-],CC[N+]1(CCOCCOC)CCCCC1,CC(=O)[O-],Avicel,110,1,8,"Green Chem., 2012, 14, 2922"
C[N+](C)(C)CCO.NC(CC(=O)O)C(=O)[O-],C[N+](C)(C)CCO,NC(CC(=O)O)C(=O)[O-],cellulose,90,24,0,"Green Chem., 2012, 14, 304â€“307"
C[N+](C)(C)CCO.CCC(C)C(N)C(=O)[O-],C[N+](C)(C)CCO,CCC(C)C(N)C(=O)[O-],cellulose,90,24,0,"Green Chem., 2012, 14, 304â€“307"
C[N+](C)(C)CCO.NC(Cc1ccccc1)C(=O)[O-],C[N+](C)(C)CCO,NC(Cc1ccccc1)C(=O)[O-],cellulose,90,24,0,"Green Chem., 2012, 14, 304â€“307"
C[N+](C)(C)CCO.NC(=O)CC(N)C(=O)[O-],C[N+](C)(C)CCO,NC(=O)CC(N)C(=O)[O-],cellulose,90,24,0,"Green Chem., 2012, 14, 304â€“307"
C[N+](C)(C)CCO.NC(=O)CCC(N)C(=O)[O-],C[N+](C)(C)CCO,NC(=O)CCC(N)C(=O)[O-],cellulose,90,24,0,"Green Chem., 2012, 14, 304â€“307"
C[N+](C)(C)CCO.NCC(=O)[O-],C[N+](C)(C)CCO,NCC(=O)[O-],cellulose,90,24,0,"Green Chem., 2012, 14, 304â€“307"
C[N+](C)(C)CCO.CSCCC(N)C(=O)[O-],C[N+](C)(C)CCO,CSCCC(N)C(=O)[O-],cellulose,90,24,0,"Green Chem., 2012, 14, 304â€“307"
C[N+](C)(C)CCO.NC(CCC(=O)O)C(=O)[O-],C[N+](C)(C)CCO,NC(CCC(=O)O)C(=O)[O-],cellulose,90,24,0,"Green Chem., 2012, 14, 304â€“307"
C[N+](C)(C)CCO.CC(C)CC(N)C(=O)[O-],C[N+](C)(C)CCO,CC(C)CC(N)C(=O)[O-],cellulose,90,24,0,"Green Chem., 2012, 14, 304â€“307"
C[N+](C)(C)CCO.CC(C)C(N)C(=O)[O-],C[N+](C)(C)CCO,CC(C)C(N)C(=O)[O-],cellulose,90,24,0,"Green Chem., 2012, 14, 304â€“307"
C[N+](C)(C)CCO.NC(Cc1c[nH]c2ccccc12)C(=O)[O-],C[N+](C)(C)CCO,NC(Cc1c[nH]c2ccccc12)C(=O)[O-],cellulose,90,24,0,"Green Chem., 2012, 14, 304â€“307"
C[N+](C)(C)CCO.NC(CO)C(=O)[O-],C[N+](C)(C)CCO,NC(CO)C(=O)[O-],cellulose,90,24,0,"Green Chem., 2012, 14, 304â€“307"
C[N+](C)(C)CCO.CC(O)C(N)C(=O)[O-],C[N+](C)(C)CCO,CC(O)C(N)C(=O)[O-],cellulose,90,24,0,"Green Chem., 2012, 14, 304â€“307"
C[N+](C)(C)CCO.O=C([O-])C1CCNC1,C[N+](C)(C)CCO,O=C([O-])C1CCNC1,cellulose,90,24,0,"Green Chem., 2012, 14, 304â€“307"
C[N+](C)(C)CCO.CC(N)C(=O)[O-],C[N+](C)(C)CCO,CC(N)C(=O)[O-],cellulose,90,24,0,"Green Chem., 2012, 14, 304â€“307"
CCCCn1c[n+](CC)c2ccccc21.CC(=O)[O-],CCCCn1c[n+](CC)c2ccccc21,CC(=O)[O-],MCC,40,2,0,"Green Chem., 2014, 16,1326"
CCCC[N+]1(C)CCCC1.CC(=O)[O-],CCCC[N+]1(C)CCCC1,CC(=O)[O-],MCC,70,2,0,"Green Chem., 2014, 16,1326"
C=CC[N+]1(C)CCCCC1.CC(=O)[O-],C=CC[N+]1(C)CCCCC1,CC(=O)[O-],MCC,120,2,9.540201028,"Green Chem., 2014, 16,1326"
CCCC[N+]1(C)CCCC1.CC(=O)[O-],CCCC[N+]1(C)CCCC1,CC(=O)[O-],MCC,120,2,1.491254694,"Green Chem., 2014, 16,1326"
CCCC[N+]1(C)CCCCC1.CC(=O)[O-],CCCC[N+]1(C)CCCCC1,CC(=O)[O-],MCC,60,2,0,"Green Chem., 2014, 16,1326"
CC[N+]1(C)CCOCC1.CC(=O)[O-],CC[N+]1(C)CCOCC1,CC(=O)[O-],MCC,90,2,9.51693651,"Green Chem., 2014, 16,1326"
CCCC[N+]1(C)CCCCC1.CC(=O)[O-],CCCC[N+]1(C)CCCCC1,CC(=O)[O-],MCC,40,2,0,"Green Chem., 2014, 16,1326"
C=CC[N+]1(C)CCCCC1.CC(=O)[O-],C=CC[N+]1(C)CCCCC1,CC(=O)[O-],MCC,60,2,0,"Green Chem., 2014, 16,1326"
C=C[N+]1(C)CCOCC1.CC(=O)[O-],C=C[N+]1(C)CCOCC1,CC(=O)[O-],MCC,110,2,12.8259362,"Green Chem., 2014, 16,1326"
C[n+]1ccn(CCO)c1.CC(=O)[O-],C[n+]1ccn(CCO)c1,CC(=O)[O-],MCC,120,2,18.26970403,"Green Chem., 2014, 16,1326"
COCCn1cc[n+](C)c1.CC(=O)[O-],COCCn1cc[n+](C)c1,CC(=O)[O-],MCC,110,2,24.48578693,"Green Chem., 2014, 16,1326"
C=CC[N+]1(C)CCCCC1.CC(=O)[O-],C=CC[N+]1(C)CCCCC1,CC(=O)[O-],MCC,100,2,7.02962181,"Green Chem., 2014, 16,1326"
CCCC[N+]1(C)CCCC1.CC(=O)[O-],CCCC[N+]1(C)CCCC1,CC(=O)[O-],MCC,50,2,0,"Green Chem., 2014, 16,1326"
COCCn1cc[n+](C)c1.CC(=O)[O-],COCCn1cc[n+](C)c1,CC(=O)[O-],MCC,100,2,21.98723725,"Green Chem., 2014, 16,1326"
CCCC[N+]1(C)CCCCC1.CC(=O)[O-],CCCC[N+]1(C)CCCCC1,CC(=O)[O-],MCC,90,2,0.929417571,"Green Chem., 2014, 16,1326"
CCCCn1cc[n+](C)c1C.CC(=O)[O-],CCCCn1cc[n+](C)c1C,CC(=O)[O-],MCC,50,2,2.356795476,"Green Chem., 2014, 16,1326"
CC[N+]1(C)CCOCC1.CC(=O)[O-],CC[N+]1(C)CCOCC1,CC(=O)[O-],MCC,100,2,11.10309259,"Green Chem., 2014, 16,1326"
CCCCn1c[n+](CC)c2ccccc21.CC(=O)[O-],CCCCn1c[n+](CC)c2ccccc21,CC(=O)[O-],MCC,100,2,0,"Green Chem., 2014, 16,1326"
CCCCn1cc[n+](C)c1C.CC(=O)[O-],CCCCn1cc[n+](C)c1C,CC(=O)[O-],MCC,60,2,8.484463712,"Green Chem., 2014, 16,1326"
C=CC[N+]1(C)CCCCC1.CC(=O)[O-],C=CC[N+]1(C)CCCCC1,CC(=O)[O-],MCC,70,2,0,"Green Chem., 2014, 16,1326"
CCn1c[n+](CC)c2ccccc21.CC(=O)[O-],CCn1c[n+](CC)c2ccccc21,CC(=O)[O-],MCC,80,2,0,"Green Chem., 2014, 16,1326"
CCn1c[n+](CC)c2ccccc21.CC(=O)[O-],CCn1c[n+](CC)c2ccccc21,CC(=O)[O-],MCC,50,2,0,"Green Chem., 2014, 16,1326"
CCCC[N+]1(C)CCCC1.CC(=O)[O-],CCCC[N+]1(C)CCCC1,CC(=O)[O-],MCC,60,2,0,"Green Chem., 2014, 16,1326"
C[n+]1ccn(CCO)c1.CC(=O)[O-],C[n+]1ccn(CCO)c1,CC(=O)[O-],MCC,40,2,0,"Green Chem., 2014, 16,1326"
C=CC[N+]1(C)CCCCC1.CC(=O)[O-],C=CC[N+]1(C)CCCCC1,CC(=O)[O-],MCC,80,2,0,"Green Chem., 2014, 16,1326"
CCn1c[n+](CC)c2ccccc21.CC(=O)[O-],CCn1c[n+](CC)c2ccccc21,CC(=O)[O-],MCC,110,2,0,"Green Chem., 2014, 16,1326"
C=CC[N+]1(C)CCCCC1.CC(=O)[O-],C=CC[N+]1(C)CCCCC1,CC(=O)[O-],MCC,50,2,0,"Green Chem., 2014, 16,1326"
CCCC[n+]1nn(CC)c2ccccc21.CC(=O)[O-],CCCC[n+]1nn(CC)c2ccccc21,CC(=O)[O-],MCC,120,2,0.379992084,"Green Chem., 2014, 16,1326"
C[n+]1ccn(Cc2ccccc2)c1.CC(=O)[O-],C[n+]1ccn(Cc2ccccc2)c1,CC(=O)[O-],MCC,120,2,14.64752175,"Green Chem., 2014, 16,1326"
C=C[N+]1(C)CCOCC1.CC(=O)[O-],C=C[N+]1(C)CCOCC1,CC(=O)[O-],MCC,40,2,0,"Green Chem., 2014, 16,1326"
CCCCn1cc[n+](C)c1.CC(=O)[O-],CCCCn1cc[n+](C)c1,CC(=O)[O-],MCC,50,2,12.61754328,"Green Chem., 2014, 16,1326"
CCCC[n+]1nn(CC)c2ccccc21.CC(=O)[O-],CCCC[n+]1nn(CC)c2ccccc21,CC(=O)[O-],MCC,60,2,0,"Green Chem., 2014, 16,1326"
COCCn1cc[n+](C)c1.CC(=O)[O-],COCCn1cc[n+](C)c1,CC(=O)[O-],MCC,70,2,11.49332856,"Green Chem., 2014, 16,1326"
COCCn1cc[n+](C)c1.CC(=O)[O-],COCCn1cc[n+](C)c1,CC(=O)[O-],MCC,50,2,8.495068936,"Green Chem., 2014, 16,1326"
C=C[N+]1(C)CCOCC1.CC(=O)[O-],C=C[N+]1(C)CCOCC1,CC(=O)[O-],MCC,70,2,2.137656034,"Green Chem., 2014, 16,1326"
CCCCn1c[n+](CC)c2ccccc21.CC(=O)[O-],CCCCn1c[n+](CC)c2ccccc21,CC(=O)[O-],MCC,70,2,0,"Green Chem., 2014, 16,1326"
C=C[N+]1(C)CCOCC1.CC(=O)[O-],C=C[N+]1(C)CCOCC1,CC(=O)[O-],MCC,100,2,11.22269418,"Green Chem., 2014, 16,1326"
CCCC[N+]1(C)CCCCC1.CC(=O)[O-],CCCC[N+]1(C)CCCCC1,CC(=O)[O-],MCC,50,2,0,"Green Chem., 2014, 16,1326"
CCn1c[n+](CC)c2ccccc21.CC(=O)[O-],CCn1c[n+](CC)c2ccccc21,CC(=O)[O-],MCC,60,2,0,"Green Chem., 2014, 16,1326"
CCCC[n+]1nn(CC)c2ccccc21.CC(=O)[O-],CCCC[n+]1nn(CC)c2ccccc21,CC(=O)[O-],MCC,100,2,0,"Green Chem., 2014, 16,1326"
C=C[N+]1(C)CCOCC1.CC(=O)[O-],C=C[N+]1(C)CCOCC1,CC(=O)[O-],MCC,50,2,0.534414009,"Green Chem., 2014, 16,1326"
CCCCn1cc[n+](C)c1C.CC(=O)[O-],CCCCn1cc[n+](C)c1C,CC(=O)[O-],MCC,70,2,11.31261828,"Green Chem., 2014, 16,1326"
CC[N+]1(C)CCOCC1.CC(=O)[O-],CC[N+]1(C)CCOCC1,CC(=O)[O-],MCC,70,2,1.586156085,"Green Chem., 2014, 16,1326"
CCCCn1cc[n+](C)c1C.CC(=O)[O-],CCCCn1cc[n+](C)c1C,CC(=O)[O-],MCC,120,2,17.44028652,"Green Chem., 2014, 16,1326"
CCCC[N+]1(C)CCCCC1.CC(=O)[O-],CCCC[N+]1(C)CCCCC1,CC(=O)[O-],MCC,120,2,3.252961499,"Green Chem., 2014, 16,1326"
CCCC[N+]1(C)CCCCC1.CC(=O)[O-],CCCC[N+]1(C)CCCCC1,CC(=O)[O-],MCC,70,2,0,"Green Chem., 2014, 16,1326"
COCCn1cc[n+](C)c1.CC(=O)[O-],COCCn1cc[n+](C)c1,CC(=O)[O-],MCC,80,2,14.49158819,"Green Chem., 2014, 16,1326"
CCCCn1cc[n+](C)c1.CC(=O)[O-],CCCCn1cc[n+](C)c1,CC(=O)[O-],MCC,90,2,24.73038483,"Green Chem., 2014, 16,1326"
CCCCn1cc[n+](C)c1C.CC(=O)[O-],CCCCn1cc[n+](C)c1C,CC(=O)[O-],MCC,90,2,13.66941376,"Green Chem., 2014, 16,1326"
CC[N+]1(C)CCOCC1.CC(=O)[O-],CC[N+]1(C)CCOCC1,CC(=O)[O-],MCC,40,2,0,"Green Chem., 2014, 16,1326"
CCCCn1cc[n+](C)c1.CC(=O)[O-],CCCCn1cc[n+](C)c1,CC(=O)[O-],MCC,120,2,29.27270041,"Green Chem., 2014, 16,1326"
C=CC[N+]1(C)CCCCC1.CC(=O)[O-],C=CC[N+]1(C)CCCCC1,CC(=O)[O-],MCC,40,2,0,"Green Chem., 2014, 16,1326"
CCCC[N+]1(C)CCCC1.CC(=O)[O-],CCCC[N+]1(C)CCCC1,CC(=O)[O-],MCC,110,2,0.994169796,"Green Chem., 2014, 16,1326"
CCn1c[n+](CC)c2ccccc21.CC(=O)[O-],CCn1c[n+](CC)c2ccccc21,CC(=O)[O-],MCC,70,2,0,"Green Chem., 2014, 16,1326"
CCCCn1c[n+](CC)c2ccccc21.CC(=O)[O-],CCCCn1c[n+](CC)c2ccccc21,CC(=O)[O-],MCC,90,2,0,"Green Chem., 2014, 16,1326"
C[n+]1ccn(Cc2ccccc2)c1.CC(=O)[O-],C[n+]1ccn(Cc2ccccc2)c1,CC(=O)[O-],MCC,40,2,0,"Green Chem., 2014, 16,1326"
CCCC[N+]1(C)CCCCC1.CC(=O)[O-],CCCC[N+]1(C)CCCCC1,CC(=O)[O-],MCC,100,2,1.394126357,"Green Chem., 2014, 16,1326"
CCCCn1cc[n+](C)c1.CC(=O)[O-],CCCCn1cc[n+](C)c1,CC(=O)[O-],MCC,110,2,28.26329694,"Green Chem., 2014, 16,1326"
CCCCn1cc[n+](C)c1.CC(=O)[O-],CCCCn1cc[n+](C)c1,CC(=O)[O-],MCC,80,2,18.16926232,"Green Chem., 2014, 16,1326"
CCCCn1cc[n+](C)c1C.CC(=O)[O-],CCCCn1cc[n+](C)c1C,CC(=O)[O-],MCC,80,2,12.72669557,"Green Chem., 2014, 16,1326"
CC[N+]1(C)CCOCC1.CC(=O)[O-],CC[N+]1(C)CCOCC1,CC(=O)[O-],MCC,60,2,0.528718695,"Green Chem., 2014, 16,1326"
CCCC[N+]1(C)CCCC1.CC(=O)[O-],CCCC[N+]1(C)CCCC1,CC(=O)[O-],MCC,40,2,0,"Green Chem., 2014, 16,1326"
C[n+]1ccn(Cc2ccccc2)c1.CC(=O)[O-],C[n+]1ccn(Cc2ccccc2)c1,CC(=O)[O-],MCC,60,2,6.031332486,"Green Chem., 2014, 16,1326"
CCCCn1c[n+](CC)c2ccccc21.CC(=O)[O-],CCCCn1c[n+](CC)c2ccccc21,CC(=O)[O-],MCC,50,2,0,"Green Chem., 2014, 16,1326"
COCCn1cc[n+](C)c1.CC(=O)[O-],COCCn1cc[n+](C)c1,CC(=O)[O-],MCC,40,2,3.9976795,"Green Chem., 2014, 16,1326"
C[n+]1ccn(CCO)c1.CC(=O)[O-],C[n+]1ccn(CCO)c1,CC(=O)[O-],MCC,60,2,9.672196249,"Green Chem., 2014, 16,1326"
CC[N+]1(C)CCOCC1.CC(=O)[O-],CC[N+]1(C)CCOCC1,CC(=O)[O-],MCC,80,2,3.17231217,"Green Chem., 2014, 16,1326"
CC[N+]1(C)CCOCC1.CC(=O)[O-],CC[N+]1(C)CCOCC1,CC(=O)[O-],MCC,110,2,14.80412346,"Green Chem., 2014, 16,1326"
CCCCn1c[n+](CC)c2ccccc21.CC(=O)[O-],CCCCn1c[n+](CC)c2ccccc21,CC(=O)[O-],MCC,60,2,0,"Green Chem., 2014, 16,1326"
COCCn1cc[n+](C)c1.CC(=O)[O-],COCCn1cc[n+](C)c1,CC(=O)[O-],MCC,120,2,27.9837565,"Green Chem., 2014, 16,1326"
C=C[N+]1(C)CCOCC1.CC(=O)[O-],C=C[N+]1(C)CCOCC1,CC(=O)[O-],MCC,90,2,9.085038145,"Green Chem., 2014, 16,1326"
C[n+]1ccn(Cc2ccccc2)c1.CC(=O)[O-],C[n+]1ccn(Cc2ccccc2)c1,CC(=O)[O-],MCC,110,2,12.9242839,"Green Chem., 2014, 16,1326"
CCn1c[n+](CC)c2ccccc21.CC(=O)[O-],CCn1c[n+](CC)c2ccccc21,CC(=O)[O-],MCC,40,2,0,"Green Chem., 2014, 16,1326"
CCCCn1cc[n+](C)c1.CC(=O)[O-],CCCCn1cc[n+](C)c1,CC(=O)[O-],MCC,40,2,11.60813982,"Green Chem., 2014, 16,1326"
CCCCn1cc[n+](C)c1.CC(=O)[O-],CCCCn1cc[n+](C)c1,CC(=O)[O-],MCC,70,2,15.64575367,"Green Chem., 2014, 16,1326"
CCCCn1cc[n+](C)c1.CC(=O)[O-],CCCCn1cc[n+](C)c1,CC(=O)[O-],MCC,100,2,27.25389348,"Green Chem., 2014, 16,1326"
CCCCn1cc[n+](C)c1C.CC(=O)[O-],CCCCn1cc[n+](C)c1C,CC(=O)[O-],MCC,40,2,0,"Green Chem., 2014, 16,1326"
CCCC[N+]1(C)CCCC1.CC(=O)[O-],CCCC[N+]1(C)CCCC1,CC(=O)[O-],MCC,90,2,0,"Green Chem., 2014, 16,1326"
CCCC[N+]1(C)CCCC1.CC(=O)[O-],CCCC[N+]1(C)CCCC1,CC(=O)[O-],MCC,80,2,0,"Green Chem., 2014, 16,1326"
C=C[N+]1(C)CCOCC1.CC(=O)[O-],C=C[N+]1(C)CCOCC1,CC(=O)[O-],MCC,80,2,6.412968102,"Green Chem., 2014, 16,1326"
CCCCn1cc[n+](C)c1C.CC(=O)[O-],CCCCn1cc[n+](C)c1C,CC(=O)[O-],MCC,100,2,15.08349104,"Green Chem., 2014, 16,1326"
CCCCn1cc[n+](C)c1.CC(=O)[O-],CCCCn1cc[n+](C)c1,CC(=O)[O-],MCC,60,2,13.12224501,"Green Chem., 2014, 16,1326"
CCCC[N+]1(C)CCCCC1.CC(=O)[O-],CCCC[N+]1(C)CCCCC1,CC(=O)[O-],MCC,80,2,0.464708786,"Green Chem., 2014, 16,1326"
CCn1c[n+](CC)c2ccccc21.CC(=O)[O-],CCn1c[n+](CC)c2ccccc21,CC(=O)[O-],MCC,90,2,0,"Green Chem., 2014, 16,1326"
CCn1c[n+](CC)c2ccccc21.CC(=O)[O-],CCn1c[n+](CC)c2ccccc21,CC(=O)[O-],MCC,100,2,0,"Green Chem., 2014, 16,1326"
C=C[N+]1(C)CCOCC1.CC(=O)[O-],C=C[N+]1(C)CCOCC1,CC(=O)[O-],MCC,60,2,1.068828017,"Green Chem., 2014, 16,1326"
C=CC[N+]1(C)CCCCC1.CC(=O)[O-],C=CC[N+]1(C)CCCCC1,CC(=O)[O-],MCC,90,2,5.021158436,"Green Chem., 2014, 16,1326"
C[n+]1ccn(CCO)c1.CC(=O)[O-],C[n+]1ccn(CCO)c1,CC(=O)[O-],MCC,70,2,11.82157319,"Green Chem., 2014, 16,1326"
COCCn1cc[n+](C)c1.CC(=O)[O-],COCCn1cc[n+](C)c1,CC(=O)[O-],MCC,90,2,19.48868756,"Green Chem., 2014, 16,1326"
C[n+]1ccn(Cc2ccccc2)c1.CC(=O)[O-],C[n+]1ccn(Cc2ccccc2)c1,CC(=O)[O-],MCC,70,2,7.323760876,"Green Chem., 2014, 16,1326"
CCCC[N+]1(C)CCCC1.CC(=O)[O-],CCCC[N+]1(C)CCCC1,CC(=O)[O-],MCC,100,2,0.497084898,"Green Chem., 2014, 16,1326"
CC[N+]1(C)CCOCC1.CC(=O)[O-],CC[N+]1(C)CCOCC1,CC(=O)[O-],MCC,120,2,16.39027954,"Green Chem., 2014, 16,1326"
COCCn1cc[n+](C)c1.CC(=O)[O-],COCCn1cc[n+](C)c1,CC(=O)[O-],MCC,60,2,10.49390869,"Green Chem., 2014, 16,1326"
CCCC[n+]1nn(CC)c2ccccc21.CC(=O)[O-],CCCC[n+]1nn(CC)c2ccccc21,CC(=O)[O-],MCC,50,2,0,"Green Chem., 2014, 16,1326"
CCCCn1cc[n+](C)c1C.CC(=O)[O-],CCCCn1cc[n+](C)c1C,CC(=O)[O-],MCC,110,2,16.49756833,"Green Chem., 2014, 16,1326"
C[n+]1ccn(Cc2ccccc2)c1.CC(=O)[O-],C[n+]1ccn(Cc2ccccc2)c1,CC(=O)[O-],MCC,50,2,0.430809463,"Green Chem., 2014, 16,1326"
C[n+]1ccn(Cc2ccccc2)c1.CC(=O)[O-],C[n+]1ccn(Cc2ccccc2)c1,CC(=O)[O-],MCC,80,2,8.616189265,"Green Chem., 2014, 16,1326"
CCCC[n+]1nn(CC)c2ccccc21.CC(=O)[O-],CCCC[n+]1nn(CC)c2ccccc21,CC(=O)[O-],MCC,110,2,0,"Green Chem., 2014, 16,1326"
C[n+]1ccn(CCO)c1.CC(=O)[O-],C[n+]1ccn(CCO)c1,CC(=O)[O-],MCC,80,2,13.97095014,"Green Chem., 2014, 16,1326"
C[n+]1ccn(Cc2ccccc2)c1.CC(=O)[O-],C[n+]1ccn(Cc2ccccc2)c1,CC(=O)[O-],MCC,100,2,10.33942712,"Green Chem., 2014, 16,1326"
C=CC[N+]1(C)CCCCC1.CC(=O)[O-],C=CC[N+]1(C)CCCCC1,CC(=O)[O-],MCC,110,2,8.033853497,"Green Chem., 2014, 16,1326"
C[n+]1ccn(CCO)c1.CC(=O)[O-],C[n+]1ccn(CCO)c1,CC(=O)[O-],MCC,110,2,18.26970403,"Green Chem., 2014, 16,1326"
CCCC[n+]1nn(CC)c2ccccc21.CC(=O)[O-],CCCC[n+]1nn(CC)c2ccccc21,CC(=O)[O-],MCC,80,2,0,"Green Chem., 2014, 16,1326"
CCCCn1c[n+](CC)c2ccccc21.CC(=O)[O-],CCCCn1c[n+](CC)c2ccccc21,CC(=O)[O-],MCC,120,2,0.381434619,"Green Chem., 2014, 16,1326"
CCCCn1c[n+](CC)c2ccccc21.CC(=O)[O-],CCCCn1c[n+](CC)c2ccccc21,CC(=O)[O-],MCC,80,2,0,"Green Chem., 2014, 16,1326"
C=C[N+]1(C)CCOCC1.CC(=O)[O-],C=C[N+]1(C)CCOCC1,CC(=O)[O-],MCC,120,2,14.96359224,"Green Chem., 2014, 16,1326"
CCCC[n+]1nn(CC)c2ccccc21.CC(=O)[O-],CCCC[n+]1nn(CC)c2ccccc21,CC(=O)[O-],MCC,90,2,0,"Green Chem., 2014, 16,1326"
C[n+]1ccn(CCO)c1.CC(=O)[O-],C[n+]1ccn(CCO)c1,CC(=O)[O-],MCC,100,2,17.73235979,"Green Chem., 2014, 16,1326"
C[n+]1ccn(CCO)c1.CC(=O)[O-],C[n+]1ccn(CCO)c1,CC(=O)[O-],MCC,90,2,16.12032708,"Green Chem., 2014, 16,1326"
C[n+]1ccn(Cc2ccccc2)c1.CC(=O)[O-],C[n+]1ccn(Cc2ccccc2)c1,CC(=O)[O-],MCC,90,2,9.477808192,"Green Chem., 2014, 16,1326"
CCCCn1c[n+](CC)c2ccccc21.CC(=O)[O-],CCCCn1c[n+](CC)c2ccccc21,CC(=O)[O-],MCC,110,2,0,"Green Chem., 2014, 16,1326"
CCn1c[n+](CC)c2ccccc21.CC(=O)[O-],CCn1c[n+](CC)c2ccccc21,CC(=O)[O-],MCC,120,2,0.427100687,"Green Chem., 2014, 16,1326"
CCCC[N+]1(C)CCCCC1.CC(=O)[O-],CCCC[N+]1(C)CCCCC1,CC(=O)[O-],MCC,110,2,1.858835142,"Green Chem., 2014, 16,1326"
CCCC[n+]1nn(CC)c2ccccc21.CC(=O)[O-],CCCC[n+]1nn(CC)c2ccccc21,CC(=O)[O-],MCC,70,2,0,"Green Chem., 2014, 16,1326"
CC[N+]1(C)CCOCC1.CC(=O)[O-],CC[N+]1(C)CCOCC1,CC(=O)[O-],MCC,50,2,0,"Green Chem., 2014, 16,1326"
C[n+]1ccn(CCO)c1.CC(=O)[O-],C[n+]1ccn(CCO)c1,CC(=O)[O-],MCC,50,2,0.537344236,"Green Chem., 2014, 16,1326"
CCCC[n+]1nn(CC)c2ccccc21.CC(=O)[O-],CCCC[n+]1nn(CC)c2ccccc21,CC(=O)[O-],MCC,40,2,0,"Green Chem., 2014, 16,1326"
COCCOCCn1cc[n+](CCCS(=O)(=O)O)c1.O=S(=O)([O-])O,COCCOCCn1cc[n+](CCCS(=O)(=O)O)c1,O=S(=O)([O-])O,MCC,100,12,10.9,I. GrÃ¸ssereid et al. / Journal of Molecular Liquids 292 (2019) 111353
COCCn1cc[n+](CCCS(=O)(=O)O)c1.O=S(=O)([O-])O,COCCn1cc[n+](CCCS(=O)(=O)O)c1,O=S(=O)([O-])O,MCC,100,12,15.1,I. GrÃ¸ssereid et al. / Journal of Molecular Liquids 292 (2019) 111353
COCCn1cc[n+](CCCS(=O)(=O)O)c1.O=P([O-])(O)O,COCCn1cc[n+](CCCS(=O)(=O)O)c1,O=P([O-])(O)O,MCC,100,12,16.1,I. GrÃ¸ssereid et al. / Journal of Molecular Liquids 292 (2019) 111353
COCCOCCOCCn1cc[n+](CCCS(=O)(=O)O)c1.CS(=O)(=O)[O-],COCCOCCOCCn1cc[n+](CCCS(=O)(=O)O)c1,CS(=O)(=O)[O-],MCC,100,12,13.4,I. GrÃ¸ssereid et al. / Journal of Molecular Liquids 292 (2019) 111353
COCCn1cc[n+](CCCS(=O)(=O)O)c1.CS(=O)(=O)[O-],COCCn1cc[n+](CCCS(=O)(=O)O)c1,CS(=O)(=O)[O-],MCC,100,12,15.4,I. GrÃ¸ssereid et al. / Journal of Molecular Liquids 292 (2019) 111353
COCCOCCOCCn1cc[n+](CCCS(=O)(=O)O)c1.O=P([O-])(O)O,COCCOCCOCCn1cc[n+](CCCS(=O)(=O)O)c1,O=P([O-])(O)O,MCC,100,12,8.2,I. GrÃ¸ssereid et al. / Journal of Molecular Liquids 292 (2019) 111353
CCOCCn1cc[n+](CCCS(=O)(=O)O)c1.O=S(=O)([O-])O,CCOCCn1cc[n+](CCCS(=O)(=O)O)c1,O=S(=O)([O-])O,MCC,100,12,19.8,I. GrÃ¸ssereid et al. / Journal of Molecular Liquids 292 (2019) 111353
CCOCCn1cc[n+](CCCS(=O)(=O)O)c1.O=S(=O)([O-])C(F)(F)F,CCOCCn1cc[n+](CCCS(=O)(=O)O)c1,O=S(=O)([O-])C(F)(F)F,MCC,100,12,18.8,I. GrÃ¸ssereid et al. / Journal of Molecular Liquids 292 (2019) 111353
CCOCCn1cc[n+](CCCS(=O)(=O)O)c1.CS(=O)(=O)[O-],CCOCCn1cc[n+](CCCS(=O)(=O)O)c1,CS(=O)(=O)[O-],MCC,100,12,18.5,I. GrÃ¸ssereid et al. / Journal of Molecular Liquids 292 (2019) 111353
COCCOCCn1cc[n+](CCCS(=O)(=O)O)c1.O=P([O-])(O)O,COCCOCCn1cc[n+](CCCS(=O)(=O)O)c1,O=P([O-])(O)O,MCC,100,12,9.7,I. GrÃ¸ssereid et al. / Journal of Molecular Liquids 292 (2019) 111353
COCCOCCOCCn1cc[n+](CCCS(=O)(=O)O)c1.O=S(=O)([O-])C(F)(F)F,COCCOCCOCCn1cc[n+](CCCS(=O)(=O)O)c1,O=S(=O)([O-])C(F)(F)F,MCC,100,12,12.7,I. GrÃ¸ssereid et al. / Journal of Molecular Liquids 292 (2019) 111353
COCCn1cc[n+](CCCS(=O)(=O)O)c1.O=S(=O)([O-])C(F)(F)F,COCCn1cc[n+](CCCS(=O)(=O)O)c1,O=S(=O)([O-])C(F)(F)F,MCC,100,12,16.4,I. GrÃ¸ssereid et al. / Journal of Molecular Liquids 292 (2019) 111353
COCCOCCOCCn1cc[n+](CCCS(=O)(=O)O)c1.O=S(=O)([O-])O,COCCOCCOCCn1cc[n+](CCCS(=O)(=O)O)c1,O=S(=O)([O-])O,MCC,100,12,9,I. GrÃ¸ssereid et al. / Journal of Molecular Liquids 292 (2019) 111353
COCCOCCn1cc[n+](CCCS(=O)(=O)O)c1.CS(=O)(=O)[O-],COCCOCCn1cc[n+](CCCS(=O)(=O)O)c1,CS(=O)(=O)[O-],MCC,100,12,13.9,I. GrÃ¸ssereid et al. / Journal of Molecular Liquids 292 (2019) 111353
CCOCCn1cc[n+](CCCS(=O)(=O)O)c1.O=P([O-])(O)O,CCOCCn1cc[n+](CCCS(=O)(=O)O)c1,O=P([O-])(O)O,MCC,100,12,19.6,I. GrÃ¸ssereid et al. / Journal of Molecular Liquids 292 (2019) 111353
COCCOCCn1cc[n+](CCCS(=O)(=O)O)c1.O=S(=O)([O-])C(F)(F)F,COCCOCCn1cc[n+](CCCS(=O)(=O)O)c1,O=S(=O)([O-])C(F)(F)F,MCC,100,12,14.5,I. GrÃ¸ssereid et al. / Journal of Molecular Liquids 292 (2019) 111353
C=CC[NH2+]CC=C.CC(=O)[O-],C=CC[NH2+]CC=C,CC(=O)[O-],MCC,80,24,0,"Ind. Eng. Chem. Res. 2010, 49, 11809â€“11813"
OCC[NH2+]CCO.CC(=O)[O-],OCC[NH2+]CCO,CC(=O)[O-],MCC,80,24,0,"Ind. Eng. Chem. Res. 2010, 49, 11809â€“11813"
OCC[NH+](CCO)CCO.CC(=O)[O-],OCC[NH+](CCO)CCO,CC(=O)[O-],MCC,80,24,0,"Ind. Eng. Chem. Res. 2010, 49, 11809â€“11813"
OCC[NH2+]CCO.O=C[O-],OCC[NH2+]CCO,O=C[O-],MCC,80,24,0,"Ind. Eng. Chem. Res. 2010, 49, 11809â€“11813"
C=CC[NH2+]CC=C.O=C[O-],C=CC[NH2+]CC=C,O=C[O-],MCC,80,24,0,"Ind. Eng. Chem. Res. 2010, 49, 11809â€“11813"
[NH3+]CCO.O=C[O-],[NH3+]CCO,O=C[O-],MCC,80,24,0,"Ind. Eng. Chem. Res. 2010, 49, 11809â€“11813"
OCC[NH+](CCO)CCO.O=C[O-],OCC[NH+](CCO)CCO,O=C[O-],MCC,80,24,0,"Ind. Eng. Chem. Res. 2010, 49, 11809â€“11813"
[NH3+]CCO.CC(=O)[O-],[NH3+]CCO,CC(=O)[O-],MCC,80,24,0,"Ind. Eng. Chem. Res. 2010, 49, 11809â€“11813"
COc1ccc(C[N+](C)(C)C)cc1.CC(=O)[O-],COc1ccc(C[N+](C)(C)C)cc1,CC(=O)[O-],Avicel,130,0.5,10,"Ind. Eng. Chem. Res. 2019, 58, 16009âˆ’16017"
C[N+](C)(C)Cc1ccccc1.CC(=O)[O-],C[N+](C)(C)Cc1ccccc1,CC(=O)[O-],Avicel,115,0.5,9,"Ind. Eng. Chem. Res. 2019, 58, 16009âˆ’16017"
COc1cc(C[N+](C)(C)C)cc(OC)c1OC.CC(=O)[O-],COc1cc(C[N+](C)(C)C)cc(OC)c1OC,CC(=O)[O-],Avicel,110,0.5,3,"Ind. Eng. Chem. Res. 2019, 58, 16009âˆ’16017"
COc1ccc(C[N+](C)(C)C)cc1OC.CC(=O)[O-],COc1ccc(C[N+](C)(C)C)cc1OC,CC(=O)[O-],Avicel,100,0.5,4,"Ind. Eng. Chem. Res. 2019, 58, 16009âˆ’16017"
CCCn1cc[n+](C)c1.[Br-],CCCn1cc[n+](C)c1,[Br-],cellulose,85,0.3,1.7,J Chem Technol Biotechnol 2009; 84: 1818â€“1827
C[n+]1ccn(CCC#N)c1.[Br-],C[n+]1ccn(CCC#N)c1,[Br-],cellulose,85,0.3,3.4,J Chem Technol Biotechnol 2009; 84: 1818â€“1827
Cn1cc[n+](C)n1.[I-],Cn1cc[n+](C)n1,[I-],MCC,200,24,1.8,"J. Phys. Chem. B 2019, 123, 3994âˆ’4003"
CCn1cc[n+](C)c1.CC(=O)[O-],CCn1cc[n+](C)c1,CC(=O)[O-],MCC,80,24,21.1,"J. Phys. Chem. B 2019, 123, 3994âˆ’4003"
CCn1cc[n+](C)n1.[Br-],CCn1cc[n+](C)n1,[Br-],MCC,80,24,2.1,"J. Phys. Chem. B 2019, 123, 3994âˆ’4003"
Cn1cc[n+](C)n1.O=S(=O)([N-]S(=O)(=O)C(F)(F)F)C(F)(F)F,Cn1cc[n+](C)n1,O=S(=O)([N-]S(=O)(=O)C(F)(F)F)C(F)(F)F,MCC,80,24,0.5,"J. Phys. Chem. B 2019, 123, 3994âˆ’4003"
CCn1cn[n+](C)c1.CC(=O)[O-],CCn1cn[n+](C)c1,CC(=O)[O-],MCC,80,24,17.5,"J. Phys. Chem. B 2019, 123, 3994âˆ’4003"
Cn1cc[n+](C)n1.O=S(=O)([O-])C(F)(F)F,Cn1cc[n+](C)n1,O=S(=O)([O-])C(F)(F)F,MCC,80,24,4.9,"J. Phys. Chem. B 2019, 123, 3994âˆ’4003"
CCn1cc[n+](C)n1.CC(=O)[O-],CCn1cc[n+](C)n1,CC(=O)[O-],MCC,80,24,19.9,"J. Phys. Chem. B 2019, 123, 3994âˆ’4003"
CCn1cc[n+](C)c1.F[B-](F)(F)F,CCn1cc[n+](C)c1,F[B-](F)(F)F,Avicel,25,6,0,Journal of Molecular Liquids 279 (2019) 120â€“126
CCn1cc[n+](C)c1.CO[PH](=O)[O-],CCn1cc[n+](C)c1,CO[PH](=O)[O-],Avicel,25,6,6.793411376,Journal of Molecular Liquids 279 (2019) 120â€“126
CCn1cc[n+](C)c1.CCOP(=O)([O-])OCC,CCn1cc[n+](C)c1,CCOP(=O)([O-])OCC,Avicel,25,6,9.086644777,Journal of Molecular Liquids 279 (2019) 120â€“126
CCCn1cc[n+](C)c1.[Cl-],CCCn1cc[n+](C)c1,[Cl-],Avicel,100,2,0,"Macromol. Biosci. 2007, 7, 440â€“445"
CCCCCCn1cc[n+](C)c1.[Cl-],CCCCCCn1cc[n+](C)c1,[Cl-],Avicel,100,2,6,"Macromol. Biosci. 2007, 7, 440â€“445"
CCCCCCCCCCn1cc[n+](C)c1.[Cl-],CCCCCCCCCCn1cc[n+](C)c1,[Cl-],Avicel,100,2,0,"Macromol. Biosci. 2007, 7, 440â€“445"
CCCCCCCCCn1cc[n+](C)c1.[Cl-],CCCCCCCCCn1cc[n+](C)c1,[Cl-],Avicel,100,2,3,"Macromol. Biosci. 2007, 7, 440â€“445"
CCCCCCCn1cc[n+](C)c1.[Cl-],CCCCCCCn1cc[n+](C)c1,[Cl-],Avicel,100,2,5.5,"Macromol. Biosci. 2007, 7, 440â€“445"
CCCCn1cc[n+](C)c1.[Cl-],CCCCn1cc[n+](C)c1,[Cl-],Avicel,100,2,20,"Macromol. Biosci. 2007, 7, 440â€“445"
CCCCCCCCn1cc[n+](C)c1.[Cl-],CCCCCCCCn1cc[n+](C)c1,[Cl-],Avicel,100,2,5,"Macromol. Biosci. 2007, 7, 440â€“445"
C=CCn1cc[n+](CC=C)c1.CC(=O)[O-],C=CCn1cc[n+](CC=C)c1,CC(=O)[O-],MCC,40,2,18.5,"Macromolecules 2018, 51, 4158âˆ’4166"
CCCCn1cc[n+](C)c1.COCC(=O)[O-],CCCCn1cc[n+](C)c1,COCC(=O)[O-],MCC,50,2,19.5,"Macromolecules 2018, 51, 4158âˆ’4166"
C=CCn1cc[n+](CC=C)c1.C=CC(=O)[O-],C=CCn1cc[n+](CC=C)c1,C=CC(=O)[O-],MCC,20,2,0,"Macromolecules 2018, 51, 4158âˆ’4166"
C=CC[n+]1ccn(CC)c1.COCC(=O)[O-],C=CC[n+]1ccn(CC)c1,COCC(=O)[O-],MCC,20,2,1.1,"Macromolecules 2018, 51, 4158âˆ’4166"
CCCC[n+]1ccc(C)cc1.COCC(=O)[O-],CCCC[n+]1ccc(C)cc1,COCC(=O)[O-],MCC,50,2,0,"Macromolecules 2018, 51, 4158âˆ’4166"
C=CCn1cc[n+](CC=C)c1.O=C([O-])CO,C=CCn1cc[n+](CC=C)c1,O=C([O-])CO,MCC,20,2,0,"Macromolecules 2018, 51, 4158âˆ’4166"
CCCC[n+]1ccc(C)cc1.COCC(=O)[O-],CCCC[n+]1ccc(C)cc1,COCC(=O)[O-],MCC,25,2,0,"Macromolecules 2018, 51, 4158âˆ’4166"
C=CCn1cc[n+](CC=C)c1.O=C([O-])c1ccncc1,C=CCn1cc[n+](CC=C)c1,O=C([O-])c1ccncc1,MCC,30,2,0,"Macromolecules 2018, 51, 4158âˆ’4166"
C=CC[n+]1ccn(CCCC)c1.COCC(=O)[O-],C=CC[n+]1ccn(CCCC)c1,COCC(=O)[O-],MCC,50,2,20.5,"Macromolecules 2018, 51, 4158âˆ’4166"
CCCCn1cc[n+](C)c1.COCC(=O)[O-],CCCCn1cc[n+](C)c1,COCC(=O)[O-],MCC,40,2,0,"Macromolecules 2018, 51, 4158âˆ’4166"
C=CCn1cc[n+](CC=C)c1.CCCC(=O)[O-],C=CCn1cc[n+](CC=C)c1,CCCC(=O)[O-],MCC,50,2,21.4,"Macromolecules 2018, 51, 4158âˆ’4166"
CCCC[n+]1ccc(C)cc1.COCC(=O)[O-],CCCC[n+]1ccc(C)cc1,COCC(=O)[O-],MCC,40,2,0,"Macromolecules 2018, 51, 4158âˆ’4166"
CCCC[n+]1ccc(C)cc1.COCC(=O)[O-],CCCC[n+]1ccc(C)cc1,COCC(=O)[O-],MCC,60,2,0,"Macromolecules 2018, 51, 4158âˆ’4166"
C=CCn1cc[n+](CC=C)c1.CCCC(=O)[O-],C=CCn1cc[n+](CC=C)c1,CCCC(=O)[O-],MCC,30,2,18.2,"Macromolecules 2018, 51, 4158âˆ’4166"
C=CCn1cc[n+](CC=C)c1.CCCC(=O)[O-],C=CCn1cc[n+](CC=C)c1,CCCC(=O)[O-],MCC,40,2,21.1,"Macromolecules 2018, 51, 4158âˆ’4166"
C=CC[n+]1ccn(C)c1C.COCC(=O)[O-],C=CC[n+]1ccn(C)c1C,COCC(=O)[O-],MCC,50,2,21.5,"Macromolecules 2018, 51, 4158âˆ’4166"
C=CCn1cc[n+](CC=C)c1.CCCC(=O)[O-],C=CCn1cc[n+](CC=C)c1,CCCC(=O)[O-],MCC,20,2,0.2,"Macromolecules 2018, 51, 4158âˆ’4166"
C=CCn1cc[n+](CC=C)c1.CCC(=O)[O-],C=CCn1cc[n+](CC=C)c1,CCC(=O)[O-],MCC,40,2,0,"Macromolecules 2018, 51, 4158âˆ’4166"
CCCC[n+]1ccccc1.COCC(=O)[O-],CCCC[n+]1ccccc1,COCC(=O)[O-],MCC,25,2,0,"Macromolecules 2018, 51, 4158âˆ’4166"
C=CC[n+]1ccn(C)c1.COCC(=O)[O-],C=CC[n+]1ccn(C)c1,COCC(=O)[O-],MCC,20,2,0,"Macromolecules 2018, 51, 4158âˆ’4166"
C=CC[n+]1ccn(CCCC)c1.COCC(=O)[O-],C=CC[n+]1ccn(CCCC)c1,COCC(=O)[O-],MCC,25,2,0,"Macromolecules 2018, 51, 4158âˆ’4166"
C=CCn1cc[n+](CC=C)c1.C=CC(=O)[O-],C=CCn1cc[n+](CC=C)c1,C=CC(=O)[O-],MCC,25,2,20.3,"Macromolecules 2018, 51, 4158âˆ’4166"
C=CC[n+]1ccn(C)c1.COCC(=O)[O-],C=CC[n+]1ccn(C)c1,COCC(=O)[O-],MCC,25,2,14,"Macromolecules 2018, 51, 4158âˆ’4166"
C=CCn1cc[n+](CC=C)c1.CCOCC(=O)[O-],C=CCn1cc[n+](CC=C)c1,CCOCC(=O)[O-],MCC,40,2,18.2,"Macromolecules 2018, 51, 4158âˆ’4166"
C=CC[n+]1ccn(CCO)c1.COCC(=O)[O-],C=CC[n+]1ccn(CCO)c1,COCC(=O)[O-],MCC,30,2,0,"Macromolecules 2018, 51, 4158âˆ’4166"
C=CC[n+]1ccn(CCOCC)c1.COCC(=O)[O-],C=CC[n+]1ccn(CCOCC)c1,COCC(=O)[O-],MCC,20,2,0,"Macromolecules 2018, 51, 4158âˆ’4166"
C=CC[n+]1ccn(CCO)c1.COCC(=O)[O-],C=CC[n+]1ccn(CCO)c1,COCC(=O)[O-],MCC,40,2,0,"Macromolecules 2018, 51, 4158âˆ’4166"
C=CC[n+]1ccn(CCOCC)c1.COCC(=O)[O-],C=CC[n+]1ccn(CCOCC)c1,COCC(=O)[O-],MCC,30,2,0,"Macromolecules 2018, 51, 4158âˆ’4166"
C=CC[n+]1ccn(CCCC)c1.COCC(=O)[O-],C=CC[n+]1ccn(CCCC)c1,COCC(=O)[O-],MCC,30,2,0,"Macromolecules 2018, 51, 4158âˆ’4166"
C=CCn1cc[n+](CC=C)c1.O=C([O-])CO,C=CCn1cc[n+](CC=C)c1,O=C([O-])CO,MCC,30,2,0.3,"Macromolecules 2018, 51, 4158âˆ’4166"
CCCC[N+]1(C)CCCC1.COCC(=O)[O-],CCCC[N+]1(C)CCCC1,COCC(=O)[O-],MCC,50,2,15.2,"Macromolecules 2018, 51, 4158âˆ’4166"
CCCC[n+]1ccccc1.COCC(=O)[O-],CCCC[n+]1ccccc1,COCC(=O)[O-],MCC,60,2,4.2,"Macromolecules 2018, 51, 4158âˆ’4166"
C=CC[n+]1ccn(CCO)c1.COCC(=O)[O-],C=CC[n+]1ccn(CCO)c1,COCC(=O)[O-],MCC,20,2,0,"Macromolecules 2018, 51, 4158âˆ’4166"
C=CC[n+]1ccn(CCO)c1.COCC(=O)[O-],C=CC[n+]1ccn(CCO)c1,COCC(=O)[O-],MCC,50,2,0,"Macromolecules 2018, 51, 4158âˆ’4166"
C=CCn1cc[n+](CC=C)c1.C=CC(=O)[O-],C=CCn1cc[n+](CC=C)c1,C=CC(=O)[O-],MCC,40,2,21,"Macromolecules 2018, 51, 4158âˆ’4166"
C=CC[n+]1ccn(CCOCC)c1.COCC(=O)[O-],C=CC[n+]1ccn(CCOCC)c1,COCC(=O)[O-],MCC,40,2,9.7,"Macromolecules 2018, 51, 4158âˆ’4166"
CCCC[N+]1(C)CCCC1.COCC(=O)[O-],CCCC[N+]1(C)CCCC1,COCC(=O)[O-],MCC,40,2,1.2,"Macromolecules 2018, 51, 4158âˆ’4166"
C=CCn1cc[n+](CC=C)c1.CCOCC(=O)[O-],C=CCn1cc[n+](CC=C)c1,CCOCC(=O)[O-],MCC,30,2,3.5,"Macromolecules 2018, 51, 4158âˆ’4166"
C=CCn1cc[n+](CC=C)c1.CCOCC(=O)[O-],C=CCn1cc[n+](CC=C)c1,CCOCC(=O)[O-],MCC,50,2,19.3,"Macromolecules 2018, 51, 4158âˆ’4166"
C=CC[n+]1ccn(CCOCC)c1.COCC(=O)[O-],C=CC[n+]1ccn(CCOCC)c1,COCC(=O)[O-],MCC,25,2,0,"Macromolecules 2018, 51, 4158âˆ’4166"
C=CC[n+]1ccn(C)c1.COCC(=O)[O-],C=CC[n+]1ccn(C)c1,COCC(=O)[O-],MCC,30,2,14.2,"Macromolecules 2018, 51, 4158âˆ’4166"
C=CCn1cc[n+](CC=C)c1.O=C([O-])CO,C=CCn1cc[n+](CC=C)c1,O=C([O-])CO,MCC,25,2,0,"Macromolecules 2018, 51, 4158âˆ’4166"
CCCC[n+]1ccc(C)cc1.COCC(=O)[O-],CCCC[n+]1ccc(C)cc1,COCC(=O)[O-],MCC,20,2,0,"Macromolecules 2018, 51, 4158âˆ’4166"
C=CCn1cc[n+](CC=C)c1.O=C([O-])c1ccncc1,C=CCn1cc[n+](CC=C)c1,O=C([O-])c1ccncc1,MCC,25,2,0,"Macromolecules 2018, 51, 4158âˆ’4166"
C=CCn1cc[n+](CC=C)c1.CCC(=O)[O-],C=CCn1cc[n+](CC=C)c1,CCC(=O)[O-],MCC,25,2,0,"Macromolecules 2018, 51, 4158âˆ’4166"
C=CCn1cc[n+](CC=C)c1.CCOCC(=O)[O-],C=CCn1cc[n+](CC=C)c1,CCOCC(=O)[O-],MCC,20,2,0,"Macromolecules 2018, 51, 4158âˆ’4166"
C=CCn1cc[n+](CC=C)c1.CC(=O)[O-],C=CCn1cc[n+](CC=C)c1,CC(=O)[O-],MCC,20,2,0.5,"Macromolecules 2018, 51, 4158âˆ’4166"
C=CC[n+]1ccn(C)c1.COCC(=O)[O-],C=CC[n+]1ccn(C)c1,COCC(=O)[O-],MCC,50,2,17.2,"Macromolecules 2018, 51, 4158âˆ’4166"
CCCC[n+]1ccc(C)cc1.COCC(=O)[O-],CCCC[n+]1ccc(C)cc1,COCC(=O)[O-],MCC,30,2,0,"Macromolecules 2018, 51, 4158âˆ’4166"
CCCC[n+]1ccccc1.COCC(=O)[O-],CCCC[n+]1ccccc1,COCC(=O)[O-],MCC,40,2,0,"Macromolecules 2018, 51, 4158âˆ’4166"
C=CCn1cc[n+](CC=C)c1.C=CC(=O)[O-],C=CCn1cc[n+](CC=C)c1,C=CC(=O)[O-],MCC,50,2,23,"Macromolecules 2018, 51, 4158âˆ’4166"
C=CCn1cc[n+](CC=C)c1.CCC(=O)[O-],C=CCn1cc[n+](CC=C)c1,CCC(=O)[O-],MCC,50,2,22.8,"Macromolecules 2018, 51, 4158âˆ’4166"
CCCCn1cc[n+](C)c1.COCC(=O)[O-],CCCCn1cc[n+](C)c1,COCC(=O)[O-],MCC,30,2,0,"Macromolecules 2018, 51, 4158âˆ’4166"
C=CCn1cc[n+](CC=C)c1.CC(=O)[O-],C=CCn1cc[n+](CC=C)c1,CC(=O)[O-],MCC,50,2,19.5,"Macromolecules 2018, 51, 4158âˆ’4166"
C=CCn1cc[n+](CC=C)c1.O=C([O-])CO,C=CCn1cc[n+](CC=C)c1,O=C([O-])CO,MCC,50,2,1.2,"Macromolecules 2018, 51, 4158âˆ’4166"
CCCCn1cc[n+](C)c1.COCC(=O)[O-],CCCCn1cc[n+](C)c1,COCC(=O)[O-],MCC,60,2,22,"Macromolecules 2018, 51, 4158âˆ’4166"
C=CCn1cc[n+](CC=C)c1.CCOCC(=O)[O-],C=CCn1cc[n+](CC=C)c1,CCOCC(=O)[O-],MCC,25,2,3,"Macromolecules 2018, 51, 4158âˆ’4166"
C=CCn1cc[n+](CC=C)c1.O=C([O-])CO,C=CCn1cc[n+](CC=C)c1,O=C([O-])CO,MCC,40,2,0.4,"Macromolecules 2018, 51, 4158âˆ’4166"
C=CC[n+]1ccn(CCCC)c1.COCC(=O)[O-],C=CC[n+]1ccn(CCCC)c1,COCC(=O)[O-],MCC,40,2,1.1,"Macromolecules 2018, 51, 4158âˆ’4166"
CCCC[n+]1ccccc1.COCC(=O)[O-],CCCC[n+]1ccccc1,COCC(=O)[O-],MCC,30,2,0,"Macromolecules 2018, 51, 4158âˆ’4166"
C=CCn1cc[n+](CC=C)c1.CCCC(=O)[O-],C=CCn1cc[n+](CC=C)c1,CCCC(=O)[O-],MCC,25,2,1.3,"Macromolecules 2018, 51, 4158âˆ’4166"
C=CCn1cc[n+](CC=C)c1.O=C([O-])c1ccncc1,C=CCn1cc[n+](CC=C)c1,O=C([O-])c1ccncc1,MCC,40,2,0,"Macromolecules 2018, 51, 4158âˆ’4166"
C=CCn1cc[n+](CC=C)c1.O=C([O-])c1ccncc1,C=CCn1cc[n+](CC=C)c1,O=C([O-])c1ccncc1,MCC,20,2,0,"Macromolecules 2018, 51, 4158âˆ’4166"
CCCC[n+]1ccccc1.COCC(=O)[O-],CCCC[n+]1ccccc1,COCC(=O)[O-],MCC,50,2,4,"Macromolecules 2018, 51, 4158âˆ’4166"
CCCC[N+]1(C)CCCCC1.COCC(=O)[O-],CCCC[N+]1(C)CCCCC1,COCC(=O)[O-],MCC,60,2,0,"Macromolecules 2018, 51, 4158âˆ’4166"
C=CCn1cc[n+](CC=C)c1.CCC(=O)[O-],C=CCn1cc[n+](CC=C)c1,CCC(=O)[O-],MCC,30,2,0,"Macromolecules 2018, 51, 4158âˆ’4166"
C=CCn1cc[n+](CC=C)c1.COCC(=O)[O-],C=CCn1cc[n+](CC=C)c1,COCC(=O)[O-],MCC,25,2,16.2,"Macromolecules 2018, 51, 4158âˆ’4166"
CCCCn1cc[n+](C)c1.COCC(=O)[O-],CCCCn1cc[n+](C)c1,COCC(=O)[O-],MCC,25,2,0,"Macromolecules 2018, 51, 4158âˆ’4166"
C=CCn1cc[n+](CC=C)c1.O=C([O-])c1ccncc1,C=CCn1cc[n+](CC=C)c1,O=C([O-])c1ccncc1,MCC,50,2,0,"Macromolecules 2018, 51, 4158âˆ’4166"
C=CCn1cc[n+](CC=C)c1.CCC(=O)[O-],C=CCn1cc[n+](CC=C)c1,CCC(=O)[O-],MCC,20,2,0,"Macromolecules 2018, 51, 4158âˆ’4166"
C=CCn1cc[n+](CC=C)c1.COCC(=O)[O-],C=CCn1cc[n+](CC=C)c1,COCC(=O)[O-],MCC,30,2,20.5,"Macromolecules 2018, 51, 4158âˆ’4166"
C=CC[n+]1ccn(C)c1.COCC(=O)[O-],C=CC[n+]1ccn(C)c1,COCC(=O)[O-],MCC,40,2,16,"Macromolecules 2018, 51, 4158âˆ’4166"
C=CCn1cc[n+](CC=C)c1.CC(=O)[O-],C=CCn1cc[n+](CC=C)c1,CC(=O)[O-],MCC,30,2,17,"Macromolecules 2018, 51, 4158âˆ’4166"
C=CCn1cc[n+](CC=C)c1.COCC(=O)[O-],C=CCn1cc[n+](CC=C)c1,COCC(=O)[O-],MCC,20,2,3.3,"Macromolecules 2018, 51, 4158âˆ’4166"
CCCC[N+]1(C)CCCCC1.COCC(=O)[O-],CCCC[N+]1(C)CCCCC1,COCC(=O)[O-],MCC,50,2,0,"Macromolecules 2018, 51, 4158âˆ’4166"
C=CC[n+]1ccn(CCOCC)c1.COCC(=O)[O-],C=CC[n+]1ccn(CCOCC)c1,COCC(=O)[O-],MCC,50,2,14.5,"Macromolecules 2018, 51, 4158âˆ’4166"
CCCCn1cc[n+](C)c1.COCC(=O)[O-],CCCCn1cc[n+](C)c1,COCC(=O)[O-],MCC,20,2,0,"Macromolecules 2018, 51, 4158âˆ’4166"
C=CC[n+]1ccn(CCO)c1.COCC(=O)[O-],C=CC[n+]1ccn(CCO)c1,COCC(=O)[O-],MCC,25,2,0,"Macromolecules 2018, 51, 4158âˆ’4166"
CCCC[n+]1ccccc1.COCC(=O)[O-],CCCC[n+]1ccccc1,COCC(=O)[O-],MCC,20,2,0,"Macromolecules 2018, 51, 4158âˆ’4166"
C=CC[n+]1ccn(CCCC)c1.COCC(=O)[O-],C=CC[n+]1ccn(CCCC)c1,COCC(=O)[O-],MCC,20,2,0,"Macromolecules 2018, 51, 4158âˆ’4166"
C=CCn1cc[n+](CC=C)c1.CC(=O)[O-],C=CCn1cc[n+](CC=C)c1,CC(=O)[O-],MCC,25,2,15,"Macromolecules 2018, 51, 4158âˆ’4166"
C=CCn1cc[n+](CC=C)c1.COCC(=O)[O-],C=CCn1cc[n+](CC=C)c1,COCC(=O)[O-],MCC,50,2,25.7,"Macromolecules 2018, 51, 4158âˆ’4166"
C=CCn1cc[n+](CC=C)c1.COCC(=O)[O-],C=CCn1cc[n+](CC=C)c1,COCC(=O)[O-],MCC,40,2,22,"Macromolecules 2018, 51, 4158âˆ’4166"
C=CCn1cc[n+](CC=C)c1.C=CC(=O)[O-],C=CCn1cc[n+](CC=C)c1,C=CC(=O)[O-],MCC,30,2,20.5,"Macromolecules 2018, 51, 4158âˆ’4166"
C1CNC2CCC[NH+]2C1.CCOCC(=O)[O-],C1CNC2CCC[NH+]2C1,CCOCC(=O)[O-],MCC,90,2,18.9,"Macromolecules 2020, 53, 3284âˆ’3295"
C1CCC2=[NH+]CCCN2CC1.CC(=O)C(=O)[O-],C1CCC2=[NH+]CCCN2CC1,CC(=O)C(=O)[O-],MCC,70,2,0,"Macromolecules 2020, 53, 3284âˆ’3295"
C1CNC2CCC[NH+]2C1.CCOCC(=O)[O-],C1CNC2CCC[NH+]2C1,CCOCC(=O)[O-],MCC,80,2,15.5,"Macromolecules 2020, 53, 3284âˆ’3295"
C1CNC2CCC[NH+]2C1.C=CC(=O)[O-],C1CNC2CCC[NH+]2C1,C=CC(=O)[O-],MCC,70,2,7,"Macromolecules 2020, 53, 3284âˆ’3295"
C1CCC2=[NH+]CCCN2CC1.C=CC(=O)[O-],C1CCC2=[NH+]CCCN2CC1,C=CC(=O)[O-],MCC,80,2,11.1,"Macromolecules 2020, 53, 3284âˆ’3295"
C1CNC2CCC[NH+]2C1.C=CC(=O)[O-],C1CNC2CCC[NH+]2C1,C=CC(=O)[O-],MCC,80,2,10.7,"Macromolecules 2020, 53, 3284âˆ’3295"
C1CCC2=[NH+]CCCN2CC1.CCC(=O)[O-],C1CCC2=[NH+]CCCN2CC1,CCC(=O)[O-],MCC,90,2,12.6,"Macromolecules 2020, 53, 3284âˆ’3295"
C1CCC2=[NH+]CCCN2CC1.C=C(C)C(=O)[O-],C1CCC2=[NH+]CCCN2CC1,C=C(C)C(=O)[O-],MCC,80,2,3.3,"Macromolecules 2020, 53, 3284âˆ’3295"
C1CNC2CCC[NH+]2C1.COCC(=O)[O-],C1CNC2CCC[NH+]2C1,COCC(=O)[O-],MCC,90,2,17.5,"Macromolecules 2020, 53, 3284âˆ’3295"
C1CCC2=[NH+]CCCN2CC1.CCOCC(=O)[O-],C1CCC2=[NH+]CCCN2CC1,CCOCC(=O)[O-],MCC,70,2,14.9,"Macromolecules 2020, 53, 3284âˆ’3295"
C1CNC2CCC[NH+]2C1.C=CC(=O)[O-],C1CNC2CCC[NH+]2C1,C=CC(=O)[O-],MCC,90,2,14.8,"Macromolecules 2020, 53, 3284âˆ’3295"
C1CCC2=[NH+]CCCN2CC1.C=CCCCCCCCCC(=O)[O-],C1CCC2=[NH+]CCCN2CC1,C=CCCCCCCCCC(=O)[O-],MCC,80,2,0,"Macromolecules 2020, 53, 3284âˆ’3295"
C1CCC2=[NH+]CCCN2CC1.CCC(=O)[O-],C1CCC2=[NH+]CCCN2CC1,CCC(=O)[O-],MCC,70,2,6.3,"Macromolecules 2020, 53, 3284âˆ’3295"
C1CCC2=[NH+]CCCN2CC1.CC(=O)C(=O)[O-],C1CCC2=[NH+]CCCN2CC1,CC(=O)C(=O)[O-],MCC,80,2,0,"Macromolecules 2020, 53, 3284âˆ’3295"
C1CCC2=[NH+]CCCN2CC1.CC(Cl)C(=O)[O-],C1CCC2=[NH+]CCCN2CC1,CC(Cl)C(=O)[O-],MCC,80,2,0,"Macromolecules 2020, 53, 3284âˆ’3295"
C1CCC2=[NH+]CCCN2CC1.CC(O)C(=O)[O-],C1CCC2=[NH+]CCCN2CC1,CC(O)C(=O)[O-],MCC,80,2,0,"Macromolecules 2020, 53, 3284âˆ’3295"
C1CCC2=[NH+]CCCN2CC1.COCC(=O)[O-],C1CCC2=[NH+]CCCN2CC1,COCC(=O)[O-],MCC,90,2,19.7,"Macromolecules 2020, 53, 3284âˆ’3295"
C1CCC2=[NH+]CCCN2CC1.COCC(=O)[O-],C1CCC2=[NH+]CCCN2CC1,COCC(=O)[O-],MCC,70,2,12.2,"Macromolecules 2020, 53, 3284âˆ’3295"
C1CCC2=[NH+]CCCN2CC1.CC(O)C(=O)[O-],C1CCC2=[NH+]CCCN2CC1,CC(O)C(=O)[O-],MCC,70,2,0,"Macromolecules 2020, 53, 3284âˆ’3295"
C1CCC2=[NH+]CCCN2CC1.CC(=O)[O-],C1CCC2=[NH+]CCCN2CC1,CC(=O)[O-],MCC,90,2,14.8,"Macromolecules 2020, 53, 3284âˆ’3295"
C1CCC2=[NH+]CCCN2CC1.O=C([O-])CS,C1CCC2=[NH+]CCCN2CC1,O=C([O-])CS,MCC,70,2,0,"Macromolecules 2020, 53, 3284âˆ’3295"
C1CNC2CCC[NH+]2C1.COCC(=O)[O-],C1CNC2CCC[NH+]2C1,COCC(=O)[O-],MCC,80,2,14.6,"Macromolecules 2020, 53, 3284âˆ’3295"
C1CNC2CCC[NH+]2C1.CCC(=O)[O-],C1CNC2CCC[NH+]2C1,CCC(=O)[O-],MCC,70,2,6,"Macromolecules 2020, 53, 3284âˆ’3295"
C1CCC2=[NH+]CCCN2CC1.NCC(=O)[O-],C1CCC2=[NH+]CCCN2CC1,NCC(=O)[O-],MCC,90,2,1,"Macromolecules 2020, 53, 3284âˆ’3295"
C1CCC2=[NH+]CCCN2CC1.CC(Cl)C(=O)[O-],C1CCC2=[NH+]CCCN2CC1,CC(Cl)C(=O)[O-],MCC,90,2,0,"Macromolecules 2020, 53, 3284âˆ’3295"
C1CCC2=[NH+]CCCN2CC1.CC(=O)[O-],C1CCC2=[NH+]CCCN2CC1,CC(=O)[O-],MCC,80,2,10.5,"Macromolecules 2020, 53, 3284âˆ’3295"
C1CNC2CCC[NH+]2C1.CC(=O)[O-],C1CNC2CCC[NH+]2C1,CC(=O)[O-],MCC,90,2,14.7,"Macromolecules 2020, 53, 3284âˆ’3295"
C1CCC2=[NH+]CCCN2CC1.O=C([O-])CO,C1CCC2=[NH+]CCCN2CC1,O=C([O-])CO,MCC,70,2,0,"Macromolecules 2020, 53, 3284âˆ’3295"
C1CCC2=[NH+]CCCN2CC1.COCC(=O)[O-],C1CCC2=[NH+]CCCN2CC1,COCC(=O)[O-],MCC,80,2,15.9,"Macromolecules 2020, 53, 3284âˆ’3295"
C1CCC2=[NH+]CCCN2CC1.CCC(=O)[O-],C1CCC2=[NH+]CCCN2CC1,CCC(=O)[O-],MCC,80,2,9.8,"Macromolecules 2020, 53, 3284âˆ’3295"
C1CCC2=[NH+]CCCN2CC1.C=CC(=O)[O-],C1CCC2=[NH+]CCCN2CC1,C=CC(=O)[O-],MCC,70,2,7.9,"Macromolecules 2020, 53, 3284âˆ’3295"
C1CCC2=[NH+]CCCN2CC1.O=C([O-])CO,C1CCC2=[NH+]CCCN2CC1,O=C([O-])CO,MCC,90,2,4.9,"Macromolecules 2020, 53, 3284âˆ’3295"
C1CCC2=[NH+]CCCN2CC1.O=C([O-])C(O)C(O)C(O)C(O)CO,C1CCC2=[NH+]CCCN2CC1,O=C([O-])C(O)C(O)C(O)C(O)CO,MCC,70,2,0,"Macromolecules 2020, 53, 3284âˆ’3295"
C1CCC2=[NH+]CCCN2CC1.C=C(C)C(=O)[O-],C1CCC2=[NH+]CCCN2CC1,C=C(C)C(=O)[O-],MCC,90,2,5.9,"Macromolecules 2020, 53, 3284âˆ’3295"
C1CCC2=[NH+]CCCN2CC1.O=C([O-])CO,C1CCC2=[NH+]CCCN2CC1,O=C([O-])CO,MCC,80,2,0,"Macromolecules 2020, 53, 3284âˆ’3295"
C1CCC2=[NH+]CCCN2CC1.CC(Cl)C(=O)[O-],C1CCC2=[NH+]CCCN2CC1,CC(Cl)C(=O)[O-],MCC,70,2,0,"Macromolecules 2020, 53, 3284âˆ’3295"
C1CCC2=[NH+]CCCN2CC1.C=CCCCCCCCCC(=O)[O-],C1CCC2=[NH+]CCCN2CC1,C=CCCCCCCCCC(=O)[O-],MCC,70,2,0,"Macromolecules 2020, 53, 3284âˆ’3295"
C1CCC2=[NH+]CCCN2CC1.O=C([O-])C(O)C(O)C(O)C(O)CO,C1CCC2=[NH+]CCCN2CC1,O=C([O-])C(O)C(O)C(O)C(O)CO,MCC,80,2,0,"Macromolecules 2020, 53, 3284âˆ’3295"
C1CCC2=[NH+]CCCN2CC1.CC(=O)C(=O)[O-],C1CCC2=[NH+]CCCN2CC1,CC(=O)C(=O)[O-],MCC,90,2,0,"Macromolecules 2020, 53, 3284âˆ’3295"
C1CNC2CCC[NH+]2C1.CCC(=O)[O-],C1CNC2CCC[NH+]2C1,CCC(=O)[O-],MCC,90,2,12.3,"Macromolecules 2020, 53, 3284âˆ’3295"
C1CCC2=[NH+]CCCN2CC1.NCC(=O)[O-],C1CCC2=[NH+]CCCN2CC1,NCC(=O)[O-],MCC,80,2,0,"Macromolecules 2020, 53, 3284âˆ’3295"
C1CNC2CCC[NH+]2C1.CCC(=O)[O-],C1CNC2CCC[NH+]2C1,CCC(=O)[O-],MCC,80,2,9.7,"Macromolecules 2020, 53, 3284âˆ’3295"
C1CCC2=[NH+]CCCN2CC1.C=CC(=O)[O-],C1CCC2=[NH+]CCCN2CC1,C=CC(=O)[O-],MCC,90,2,15.3,"Macromolecules 2020, 53, 3284âˆ’3295"
C1CCC2=[NH+]CCCN2CC1.O=C([O-])CS,C1CCC2=[NH+]CCCN2CC1,O=C([O-])CS,MCC,90,2,7.9,"Macromolecules 2020, 53, 3284âˆ’3295"
C1CCC2=[NH+]CCCN2CC1.CC(O)C(=O)[O-],C1CCC2=[NH+]CCCN2CC1,CC(O)C(=O)[O-],MCC,90,2,3.7,"Macromolecules 2020, 53, 3284âˆ’3295"
C1CCC2=[NH+]CCCN2CC1.O=C([O-])C(O)C(O)C(O)C(O)CO,C1CCC2=[NH+]CCCN2CC1,O=C([O-])C(O)C(O)C(O)C(O)CO,MCC,90,2,0,"Macromolecules 2020, 53, 3284âˆ’3295"
C1CCC2=[NH+]CCCN2CC1.CC(=O)[O-],C1CCC2=[NH+]CCCN2CC1,CC(=O)[O-],MCC,70,2,6.9,"Macromolecules 2020, 53, 3284âˆ’3295"
C1CNC2CCC[NH+]2C1.CCOCC(=O)[O-],C1CNC2CCC[NH+]2C1,CCOCC(=O)[O-],MCC,70,2,10.2,"Macromolecules 2020, 53, 3284âˆ’3295"
C1CCC2=[NH+]CCCN2CC1.CCOCC(=O)[O-],C1CCC2=[NH+]CCCN2CC1,CCOCC(=O)[O-],MCC,80,2,18,"Macromolecules 2020, 53, 3284âˆ’3295"
C1CNC2CCC[NH+]2C1.O=C[O-],C1CNC2CCC[NH+]2C1,O=C[O-],MCC,90,2,17,"Macromolecules 2020, 53, 3284âˆ’3295"
C1CCC2=[NH+]CCCN2CC1.C=C(C)C(=O)[O-],C1CCC2=[NH+]CCCN2CC1,C=C(C)C(=O)[O-],MCC,70,2,0,"Macromolecules 2020, 53, 3284âˆ’3295"
C1CCC2=[NH+]CCCN2CC1.CCOCC(=O)[O-],C1CCC2=[NH+]CCCN2CC1,CCOCC(=O)[O-],MCC,90,2,22.8,"Macromolecules 2020, 53, 3284âˆ’3295"
C1CCC2=[NH+]CCCN2CC1.C=CCCCCCCCCC(=O)[O-],C1CCC2=[NH+]CCCN2CC1,C=CCCCCCCCCC(=O)[O-],MCC,90,2,0,"Macromolecules 2020, 53, 3284âˆ’3295"
C1CNC2CCC[NH+]2C1.CC(=O)[O-],C1CNC2CCC[NH+]2C1,CC(=O)[O-],MCC,70,2,6.5,"Macromolecules 2020, 53, 3284âˆ’3295"
C1CNC2CCC[NH+]2C1.CC(=O)[O-],C1CNC2CCC[NH+]2C1,CC(=O)[O-],MCC,80,2,10,"Macromolecules 2020, 53, 3284âˆ’3295"
C1CNC2CCC[NH+]2C1.COCC(=O)[O-],C1CNC2CCC[NH+]2C1,COCC(=O)[O-],MCC,70,2,9.7,"Macromolecules 2020, 53, 3284âˆ’3295"
C1CCC2=[NH+]CCCN2CC1.NCC(=O)[O-],C1CCC2=[NH+]CCCN2CC1,NCC(=O)[O-],MCC,70,2,0,"Macromolecules 2020, 53, 3284âˆ’3295"
C1CCC2=[NH+]CCCN2CC1.O=C([O-])CS,C1CCC2=[NH+]CCCN2CC1,O=C([O-])CS,MCC,80,2,4,"Macromolecules 2020, 53, 3284âˆ’3295"
C1CCC2=[NH+]CCCN2CC1.O=C[O-],C1CCC2=[NH+]CCCN2CC1,O=C[O-],MCC,90,2,18.9,"Macromolecules 2020, 53, 3284âˆ’3295"
CCn1cc[n+](C)n1.O=C([O-])c1ccccc1,CCn1cc[n+](C)n1,O=C([O-])c1ccccc1,MCC,80,24,8.5,"Molecules 2020, 25, 3539"
CCn1cc[n+](C)c1.O=C([O-])c1ccccc1,CCn1cc[n+](C)c1,O=C([O-])c1ccccc1,MCC,80,24,7.4,"Molecules 2020, 25, 3539"
CCn1cc[n+](C)c1.O=C([O-])c1ccccc1O,CCn1cc[n+](C)c1,O=C([O-])c1ccccc1O,MCC,80,24,2.9,"Molecules 2020, 25, 3539"
CCn1cc[n+](C)n1.O=C([O-])c1ccccc1O,CCn1cc[n+](C)n1,O=C([O-])c1ccccc1O,MCC,80,24,4.8,"Molecules 2020, 25, 3539"
CCn1cc[n+](C)c1.CC(=O)[O-],CCn1cc[n+](C)c1,CC(=O)[O-],MCC,80,5,17,"New J. Chem., 2011, 35, 1596â€“1606"
CCOCC[N+](C)(C)CCOC.CC(=O)[O-],CCOCC[N+](C)(C)CCOC,CC(=O)[O-],MCC,80,5,17,"New J. Chem., 2011, 35, 1596â€“1606"
CCOCC[N+](C)(C)CCOC.O=S(=O)(NS(=O)(=O)C(F)(F)F)C(F)(F)F,CCOCC[N+](C)(C)CCOC,O=S(=O)(NS(=O)(=O)C(F)(F)F)C(F)(F)F,MCC,80,5,0,"New J. Chem., 2011, 35, 1596â€“1606"
CC[N+](C)(C)CCOC.CC(=O)[O-],CC[N+](C)(C)CCOC,CC(=O)[O-],MCC,80,5,13,"New J. Chem., 2011, 35, 1596â€“1606"
CCOCC[N+](C)(C)CCOCC.CC(=O)[O-],CCOCC[N+](C)(C)CCOCC,CC(=O)[O-],MCC,80,5,18,"New J. Chem., 2011, 35, 1596â€“1606"
COCC[N+](C)(C)CCOC.F[B-](F)(F)F,COCC[N+](C)(C)CCOC,F[B-](F)(F)F,MCC,80,5,0,"New J. Chem., 2011, 35, 1596â€“1606"
COCC[N+](C)(C)CCOC.CC(=O)[O-],COCC[N+](C)(C)CCOC,CC(=O)[O-],MCC,80,5,15,"New J. Chem., 2011, 35, 1596â€“1606"
C=CC[n+]1cc(C)cc(C)c1.[Cl-],C=CC[n+]1cc(C)cc(C)c1,[Cl-],MCC,118,0.7,19,"New J. Chem., 2019,43, 2299-2306"
C=CC[n+]1ccc(C)c(C)c1.[Cl-],C=CC[n+]1ccc(C)c(C)c1,[Cl-],MCC,118,0.5,15,"New J. Chem., 2019,43, 2299-2306"
C1CCC2=[NH+]CCCN2CC1.CC(=O)CCC(=O)[O-],C1CCC2=[NH+]CCCN2CC1,CC(=O)CCC(=O)[O-],MCC,100,24,15,"New J. Chem., 2019,43, 4554-4561"
C1CCC2=[NH+]CCCN2CC1.CC(=O)CCC(=O)[O-],C1CCC2=[NH+]CCCN2CC1,CC(=O)CCC(=O)[O-],MCC,80,24,12.5,"New J. Chem., 2019,43, 4554-4561"
C1CNC2CCC[NH+]2C1.CC(=O)CCC(=O)[O-],C1CNC2CCC[NH+]2C1,CC(=O)CCC(=O)[O-],MCC,60,24,12,"New J. Chem., 2019,43, 4554-4561"
C1CNC2CCC[NH+]2C1.CC(=O)CCC(=O)[O-],C1CNC2CCC[NH+]2C1,CC(=O)CCC(=O)[O-],MCC,100,24,20,"New J. Chem., 2019,43, 4554-4561"
C1CNC2CCC[NH+]2C1.CC(=O)CCC(=O)[O-],C1CNC2CCC[NH+]2C1,CC(=O)CCC(=O)[O-],MCC,80,24,16,"New J. Chem., 2019,43, 4554-4561"
CCCCC[P+](CCCCC)(CCCCC)CCCCC.CCCCCCCCCC(=O)[O-],CCCCC[P+](CCCCC)(CCCCC)CCCCC,CCCCCCCCCC(=O)[O-],cellulose,130,1,0,"Phys. Chem. Chem. Phys., 2015, 17, 32276--32282"
CCCCC[P+](CCCCC)(CCCCC)CCCCC.CCCCCCCCCCCC(=O)[O-],CCCCC[P+](CCCCC)(CCCCC)CCCCC,CCCCCCCCCCCC(=O)[O-],cellulose,130,1,0,"Phys. Chem. Chem. Phys., 2015, 17, 32276--32282"
CCCCCC[P+](CCCCCC)(CCCCCC)CCCCCC.CCCCCCCC(=O)[O-],CCCCCC[P+](CCCCCC)(CCCCCC)CCCCCC,CCCCCCCC(=O)[O-],cellulose,130,1,0,"Phys. Chem. Chem. Phys., 2015, 17, 32276--32282"
CCCCCC[P+](CCCCCC)(CCCCCC)CCCCCC.CCCC(=O)[O-],CCCCCC[P+](CCCCCC)(CCCCCC)CCCCCC,CCCC(=O)[O-],cellulose,130,1,0,"Phys. Chem. Chem. Phys., 2015, 17, 32276--32282"
CCCCCC[P+](CCCCCC)(CCCCCC)CCCCCC.O=C[O-],CCCCCC[P+](CCCCCC)(CCCCCC)CCCCCC,O=C[O-],cellulose,130,1,0,"Phys. Chem. Chem. Phys., 2015, 17, 32276--32282"
CCCCCC[P+](CCCCCC)(CCCCCC)CCCCCC.CCCCCCCCCC(=O)[O-],CCCCCC[P+](CCCCCC)(CCCCCC)CCCCCC,CCCCCCCCCC(=O)[O-],cellulose,130,1,0,"Phys. Chem. Chem. Phys., 2015, 17, 32276--32282"
CCCCC[P+](CCCCC)(CCCCC)CCCCC.O=C[O-],CCCCC[P+](CCCCC)(CCCCC)CCCCC,O=C[O-],cellulose,130,1,0,"Phys. Chem. Chem. Phys., 2015, 17, 32276--32282"
CCCCC[P+](CCCCC)(CCCCC)CCCCC.O=C[O-],CCCCC[P+](CCCCC)(CCCCC)CCCCC,O=C[O-],cellulose,130,1,0,"Phys. Chem. Chem. Phys., 2015, 17, 32276--32282"
CCCCCC[P+](CCCCCC)(CCCCCC)CCCCCC.O=C[O-],CCCCCC[P+](CCCCCC)(CCCCCC)CCCCCC,O=C[O-],cellulose,130,1,0,"Phys. Chem. Chem. Phys., 2015, 17, 32276--32282"
CCCCCC[P+](CCCCCC)(CCCCCC)CCCCCC.CCCCCC(=O)[O-],CCCCCC[P+](CCCCCC)(CCCCCC)CCCCCC,CCCCCC(=O)[O-],cellulose,130,1,0,"Phys. Chem. Chem. Phys., 2015, 17, 32276--32282"
Cn1cc[n+](C)c1.O=C[O-],Cn1cc[n+](C)c1,O=C[O-],cellulose,100,0.5,14,"RSC Adv., 2012, 2, 2476â€“2479"
CCn1cc[n+](C)c1.O=C([O-])CCC(=O)O,CCn1cc[n+](C)c1,O=C([O-])CCC(=O)O,cellulose,80,0.5,0,"RSC Adv., 2012, 2, 2476â€“2479"
CCn1cc[n+](C)c1.CCC(=O)[O-],CCn1cc[n+](C)c1,CCC(=O)[O-],cellulose,100,0.5,18,"RSC Adv., 2012, 2, 2476â€“2479"
CC[N+](C)(C)CC.CC(=O)[O-],CC[N+](C)(C)CC,CC(=O)[O-],cellulose,80,0.5,0,"RSC Adv., 2012, 2, 2476â€“2479"
CCn1cc[n+](C)c1.O=C([O-])/C=C/C(=O)O,CCn1cc[n+](C)c1,O=C([O-])/C=C/C(=O)O,cellulose,100,0.5,0,"RSC Adv., 2012, 2, 2476â€“2479"
Cn1cc[n+](C)c1.CC(=O)[O-],Cn1cc[n+](C)c1,CC(=O)[O-],cellulose,80,0.5,8,"RSC Adv., 2012, 2, 2476â€“2479"
CCn1cc[n+](C)c1.O=C[O-],CCn1cc[n+](C)c1,O=C[O-],cellulose,60,0.5,0,"RSC Adv., 2012, 2, 2476â€“2479"
Cn1cc[n+](C)c1.CCCC(=O)[O-],Cn1cc[n+](C)c1,CCCC(=O)[O-],cellulose,80,0.5,8,"RSC Adv., 2012, 2, 2476â€“2479"
CC[N+](C)(C)CC.O=C([O-])/C=C/C(=O)O,CC[N+](C)(C)CC,O=C([O-])/C=C/C(=O)O,cellulose,80,0.5,0,"RSC Adv., 2012, 2, 2476â€“2479"
CCn1cc[n+](C)c1.CCC(=O)[O-],CCn1cc[n+](C)c1,CCC(=O)[O-],cellulose,80,0.5,14,"RSC Adv., 2012, 2, 2476â€“2479"
CC[N+](C)(C)CC.CCCC(=O)[O-],CC[N+](C)(C)CC,CCCC(=O)[O-],cellulose,60,0.5,0,"RSC Adv., 2012, 2, 2476â€“2479"
Cn1cc[n+](C)c1.CCCC(=O)[O-],Cn1cc[n+](C)c1,CCCC(=O)[O-],cellulose,60,0.5,4,"RSC Adv., 2012, 2, 2476â€“2479"
CCn1cc[n+](C)c1.CC(=O)[O-],CCn1cc[n+](C)c1,CC(=O)[O-],cellulose,100,0.5,16,"RSC Adv., 2012, 2, 2476â€“2479"
CCn1cc[n+](C)c1.CC(C)C(=O)[O-],CCn1cc[n+](C)c1,CC(C)C(=O)[O-],cellulose,100,0.5,17,"RSC Adv., 2012, 2, 2476â€“2479"
CCn1cc[n+](C)c1.CCCC(=O)[O-],CCn1cc[n+](C)c1,CCCC(=O)[O-],cellulose,80,0.5,12,"RSC Adv., 2012, 2, 2476â€“2479"
CCn1cc[n+](C)c1.CCCC(=O)[O-],CCn1cc[n+](C)c1,CCCC(=O)[O-],cellulose,100,0.5,16,"RSC Adv., 2012, 2, 2476â€“2479"
CC[N+](C)(C)CC.CC(=O)[O-],CC[N+](C)(C)CC,CC(=O)[O-],cellulose,60,0.5,0,"RSC Adv., 2012, 2, 2476â€“2479"
Cn1cc[n+](C)c1.CC(C)C(=O)[O-],Cn1cc[n+](C)c1,CC(C)C(=O)[O-],cellulose,60,0.5,5,"RSC Adv., 2012, 2, 2476â€“2479"
Cn1cc[n+](C)c1.CCC(=O)[O-],Cn1cc[n+](C)c1,CCC(=O)[O-],cellulose,80,0.5,8,"RSC Adv., 2012, 2, 2476â€“2479"
Cn1cc[n+](C)c1.CC(=O)[O-],Cn1cc[n+](C)c1,CC(=O)[O-],cellulose,60,0.5,1,"RSC Adv., 2012, 2, 2476â€“2479"
Cn1cc[n+](C)c1.CCC(=O)[O-],Cn1cc[n+](C)c1,CCC(=O)[O-],cellulose,100,0.5,12,"RSC Adv., 2012, 2, 2476â€“2479"
CC[N+](C)(C)CC.CCCC(=O)[O-],CC[N+](C)(C)CC,CCCC(=O)[O-],cellulose,80,0.5,0,"RSC Adv., 2012, 2, 2476â€“2479"
Cn1cc[n+](C)c1.O=C[O-],Cn1cc[n+](C)c1,O=C[O-],cellulose,80,0.5,0,"RSC Adv., 2012, 2, 2476â€“2479"
CCn1cc[n+](C)c1.CC(C)C(=O)[O-],CCn1cc[n+](C)c1,CC(C)C(=O)[O-],cellulose,80,0.5,14,"RSC Adv., 2012, 2, 2476â€“2479"
CCn1cc[n+](C)c1.O=C[O-],CCn1cc[n+](C)c1,O=C[O-],cellulose,100,0.5,15,"RSC Adv., 2012, 2, 2476â€“2479"
Cn1cc[n+](C)c1.CC(=O)[O-],Cn1cc[n+](C)c1,CC(=O)[O-],cellulose,100,0.5,11,"RSC Adv., 2012, 2, 2476â€“2479"
CCn1cc[n+](C)c1.CCC(=O)[O-],CCn1cc[n+](C)c1,CCC(=O)[O-],cellulose,60,0.5,12,"RSC Adv., 2012, 2, 2476â€“2479"
CC[N+](C)(C)CC.O=C([O-])/C=C/C(=O)O,CC[N+](C)(C)CC,O=C([O-])/C=C/C(=O)O,cellulose,100,0.5,0,"RSC Adv., 2012, 2, 2476â€“2479"
CCn1cc[n+](C)c1.O=C([O-])/C=C/C(=O)O,CCn1cc[n+](C)c1,O=C([O-])/C=C/C(=O)O,cellulose,60,0.5,0,"RSC Adv., 2012, 2, 2476â€“2479"
CCn1cc[n+](C)c1.CC(C)C(=O)[O-],CCn1cc[n+](C)c1,CC(C)C(=O)[O-],cellulose,60,0.5,13,"RSC Adv., 2012, 2, 2476â€“2479"
CC[N+](C)(C)CC.O=C([O-])/C=C/C(=O)O,CC[N+](C)(C)CC,O=C([O-])/C=C/C(=O)O,cellulose,60,0.5,0,"RSC Adv., 2012, 2, 2476â€“2479"
CCn1cc[n+](C)c1.CCCC(=O)[O-],CCn1cc[n+](C)c1,CCCC(=O)[O-],cellulose,60,0.5,9,"RSC Adv., 2012, 2, 2476â€“2479"
Cn1cc[n+](C)c1.CC(C)C(=O)[O-],Cn1cc[n+](C)c1,CC(C)C(=O)[O-],cellulose,100,0.5,15,"RSC Adv., 2012, 2, 2476â€“2479"
Cn1cc[n+](C)c1.CCC(=O)[O-],Cn1cc[n+](C)c1,CCC(=O)[O-],cellulose,60,0.5,3,"RSC Adv., 2012, 2, 2476â€“2479"
CC[N+](C)(C)CC.CCCC(=O)[O-],CC[N+](C)(C)CC,CCCC(=O)[O-],cellulose,100,0.5,0,"RSC Adv., 2012, 2, 2476â€“2479"
Cn1cc[n+](C)c1.CCCC(=O)[O-],Cn1cc[n+](C)c1,CCCC(=O)[O-],cellulose,100,0.5,16,"RSC Adv., 2012, 2, 2476â€“2479"
CCn1cc[n+](C)c1.O=C[O-],CCn1cc[n+](C)c1,O=C[O-],cellulose,80,0.5,14,"RSC Adv., 2012, 2, 2476â€“2479"
CC[N+](C)(C)CC.CC(=O)[O-],CC[N+](C)(C)CC,CC(=O)[O-],cellulose,100,0.5,2,"RSC Adv., 2012, 2, 2476â€“2479"
Cn1cc[n+](C)c1.O=C[O-],Cn1cc[n+](C)c1,O=C[O-],cellulose,60,0.5,0,"RSC Adv., 2012, 2, 2476â€“2479"
CCn1cc[n+](C)c1.O=C([O-])CCC(=O)O,CCn1cc[n+](C)c1,O=C([O-])CCC(=O)O,cellulose,60,0.5,0,"RSC Adv., 2012, 2, 2476â€“2479"
Cn1cc[n+](C)c1.CC(C)C(=O)[O-],Cn1cc[n+](C)c1,CC(C)C(=O)[O-],cellulose,80,0.5,8,"RSC Adv., 2012, 2, 2476â€“2479"
CCn1cc[n+](C)c1.CC(=O)[O-],CCn1cc[n+](C)c1,CC(=O)[O-],cellulose,60,0.5,9,"RSC Adv., 2012, 2, 2476â€“2479"
CCn1cc[n+](C)c1.O=C([O-])CCC(=O)O,CCn1cc[n+](C)c1,O=C([O-])CCC(=O)O,cellulose,100,0.5,0,"RSC Adv., 2012, 2, 2476â€“2479"
CCn1cc[n+](C)c1.O=C([O-])/C=C/C(=O)O,CCn1cc[n+](C)c1,O=C([O-])/C=C/C(=O)O,cellulose,80,0.5,0,"RSC Adv., 2012, 2, 2476â€“2479"
CCn1cc[n+](C)c1.CC(=O)[O-],CCn1cc[n+](C)c1,CC(=O)[O-],cellulose,80,0.5,11,"RSC Adv., 2012, 2, 2476â€“2479"
CCCCCC[N+](C)(C)C1CCCCC1.CCOCC(=O)[O-],CCCCCC[N+](C)(C)C1CCCCC1,CCOCC(=O)[O-],cellulose,105,0.5,4.166666667,"RSC Adv., 2012, 2, 8429â€“8438"
CCCCCC[N+](C)(C)C1CCCCC1.CC(=O)[O-],CCCCCC[N+](C)(C)C1CCCCC1,CC(=O)[O-],cellulose,105,0.5,9.89010989,"RSC Adv., 2012, 2, 8429â€“8438"
CCCC[N+](C)(C)C1CCCCC1.CCOCC(=O)[O-],CCCC[N+](C)(C)C1CCCCC1,CCOCC(=O)[O-],cellulose,105,0.5,7.52688172,"RSC Adv., 2012, 2, 8429â€“8438"
CCCCCCCC[N+](C)(C)C1CCCCC1.CC(=O)[O-],CCCCCCCC[N+](C)(C)C1CCCCC1,CC(=O)[O-],cellulose,105,0.5,6.382978723,"RSC Adv., 2012, 2, 8429â€“8438"
CCCCCCCC[N+](C)(C)C1CCCCC1.O=C[O-],CCCCCCCC[N+](C)(C)C1CCCCC1,O=C[O-],cellulose,105,0.5,1.01010101,"RSC Adv., 2012, 2, 8429â€“8438"
CCCC[N+](C)(C)C1CCCCC1.O=C[O-],CCCC[N+](C)(C)C1CCCCC1,O=C[O-],cellulose,105,0.5,3.626943005,"RSC Adv., 2012, 2, 8429â€“8438"
CCCC[N+](C)(C)C1CCCCC1.COCCOCC(=O)[O-],CCCC[N+](C)(C)C1CCCCC1,COCCOCC(=O)[O-],cellulose,105,0.5,4.712041885,"RSC Adv., 2012, 2, 8429â€“8438"
CCCCCC[N+](C)(C)C1CCCCC1.COCC(=O)[O-],CCCCCC[N+](C)(C)C1CCCCC1,COCC(=O)[O-],cellulose,105,0.5,1.52284264,"RSC Adv., 2012, 2, 8429â€“8438"
CCCC[N+](C)(C)C1CCCCC1.COCCOCCOCC(=O)[O-],CCCC[N+](C)(C)C1CCCCC1,COCCOCCOCC(=O)[O-],cellulose,105,0.5,5.82010582,"RSC Adv., 2012, 2, 8429â€“8438"
CCCCCCCC[N+](C)(C)C1CCCCC1.COCCOCC(=O)[O-],CCCCCCCC[N+](C)(C)C1CCCCC1,COCCOCC(=O)[O-],cellulose,105,0.5,1.52284264,"RSC Adv., 2012, 2, 8429â€“8438"
CCCC[N+](C)(C)C1CCCCC1.COCC(=O)[O-],CCCC[N+](C)(C)C1CCCCC1,COCC(=O)[O-],cellulose,105,0.5,1.01010101,"RSC Adv., 2012, 2, 8429â€“8438"
CCCC[N+](C)(C)C1CCCCC1.CC(=O)[O-],CCCC[N+](C)(C)C1CCCCC1,CC(=O)[O-],cellulose,105,0.5,8.108108108,"RSC Adv., 2012, 2, 8429â€“8438"
CCCCCCCC[N+](C)(C)C1CCCCC1.CCOCC(=O)[O-],CCCCCCCC[N+](C)(C)C1CCCCC1,CCOCC(=O)[O-],cellulose,105,0.5,1.01010101,"RSC Adv., 2012, 2, 8429â€“8438"
CCCCCC[N+](C)(C)C1CCCCC1.O=C[O-],CCCCCC[N+](C)(C)C1CCCCC1,O=C[O-],cellulose,105,0.5,4.712041885,"RSC Adv., 2012, 2, 8429â€“8438"
CCCCCC[N+](C)(C)C1CCCCC1.COCCOCC(=O)[O-],CCCCCC[N+](C)(C)C1CCCCC1,COCCOCC(=O)[O-],cellulose,105,0.5,4.712041885,"RSC Adv., 2012, 2, 8429â€“8438"
CCCCCCCC[N+](C)(C)C1CCCCC1.COCCOCCOCC(=O)[O-],CCCCCCCC[N+](C)(C)C1CCCCC1,COCCOCCOCC(=O)[O-],cellulose,105,0.5,1.52284264,"RSC Adv., 2012, 2, 8429â€“8438"
CC[N+](C)(C)C1CCCCC1.CC(=O)[O-],CC[N+](C)(C)C1CCCCC1,CC(=O)[O-],cellulose,105,0.5,1.01010101,"RSC Adv., 2012, 2, 8429â€“8438"
CCCCCCCC[N+](C)(C)C1CCCCC1.COCC(=O)[O-],CCCCCCCC[N+](C)(C)C1CCCCC1,COCC(=O)[O-],cellulose,105,0.5,1.01010101,"RSC Adv., 2012, 2, 8429â€“8438"
CCCCCC[N+](C)(C)C1CCCCC1.COCCOCCOCC(=O)[O-],CCCCCC[N+](C)(C)C1CCCCC1,COCCOCCOCC(=O)[O-],cellulose,105,0.5,4.166666667,"RSC Adv., 2012, 2, 8429â€“8438"
C=CCn1cc[n+](C)c1.[Cl-],C=CCn1cc[n+](C)c1,[Cl-],MCC,80,4,14.5,"Sci China Chem, 2016, 59: 1421â€“1429"
CCCn1cc[n+](C)c1.CC(=O)[O-],CCCn1cc[n+](C)c1,CC(=O)[O-],MCC,80,4,11.7,"Sci China Chem, 2016, 59: 1421â€“1429"
CCn1cc[n+](C)c1.F[B-](F)(F)F,CCn1cc[n+](C)c1,F[B-](F)(F)F,MCC,80,4,0,"Sci China Chem, 2016, 59: 1421â€“1429"
CCn1c(C)c(C)[n+](C)c1C.CC(=O)[O-],CCn1c(C)c(C)[n+](C)c1C,CC(=O)[O-],MCC,183,4,0,"Sci China Chem, 2016, 59: 1421â€“1429"
C=CCn1c(C)c(C)[n+](C)c1C.[Cl-],C=CCn1c(C)c(C)[n+](C)c1C,[Cl-],MCC,196,4,0,"Sci China Chem, 2016, 59: 1421â€“1429"
CCn1cc[n+](C)c1C.CC(=O)[O-],CCn1cc[n+](C)c1C,CC(=O)[O-],MCC,80,4,10.9,"Sci China Chem, 2016, 59: 1421â€“1429"
CCCCCCn1cc[n+](C)c1.CC(=O)[O-],CCCCCCn1cc[n+](C)c1,CC(=O)[O-],MCC,80,4,7.1,"Sci China Chem, 2016, 59: 1421â€“1429"
CCn1cc[n+](C)c1.CC(=O)[O-],CCn1cc[n+](C)c1,CC(=O)[O-],MCC,80,4,15.1,"Sci China Chem, 2016, 59: 1421â€“1429"
CCCCCCCCCCCCn1cc[n+](C)c1.CC(=O)[O-],CCCCCCCCCCCCn1cc[n+](C)c1,CC(=O)[O-],MCC,80,4,0.5,"Sci China Chem, 2016, 59: 1421â€“1429"
CCCCCCCCn1cc[n+](C)c1.CC(=O)[O-],CCCCCCCCn1cc[n+](C)c1,CC(=O)[O-],MCC,80,4,4.5,"Sci China Chem, 2016, 59: 1421â€“1429"
CCCCCCCCCCn1cc[n+](C)c1.CC(=O)[O-],CCCCCCCCCCn1cc[n+](C)c1,CC(=O)[O-],MCC,80,4,1,"Sci China Chem, 2016, 59: 1421â€“1429"
CCCCn1cc[n+](C)c1.[Cl-],CCCCn1cc[n+](C)c1,[Cl-],MCC,80,4,10,"Sci China Chem, 2016, 59: 1421â€“1429"
CCCCCCCCCCCCCCn1cc[n+](C)c1.CC(=O)[O-],CCCCCCCCCCCCCCn1cc[n+](C)c1,CC(=O)[O-],MCC,115,4,0,"Sci China Chem, 2016, 59: 1421â€“1429"
C=CCn1cc[n+](C)c1.O=C([O-])c1ccccc1,C=CCn1cc[n+](C)c1,O=C([O-])c1ccccc1,MCC,60,1,15,Y. Zhang et al. / Carbohydrate Polymers 117 (2015) 666â€“672
C=CCn1cc[n+](C)c1.CC(=O)[O-],C=CCn1cc[n+](C)c1,CC(=O)[O-],MCC,80,1,22,Y. Zhang et al. / Carbohydrate Polymers 117 (2015) 666â€“672
C=CCn1cc[n+](C)c1.CC(O)C(=O)[O-],C=CCn1cc[n+](C)c1,CC(O)C(=O)[O-],MCC,80,1,11.5,Y. Zhang et al. / Carbohydrate Polymers 117 (2015) 666â€“672
C=CCn1cc[n+](C)c1.O=C[O-],C=CCn1cc[n+](C)c1,O=C[O-],MCC,25,1,0.5,Y. Zhang et al. / Carbohydrate Polymers 117 (2015) 666â€“672
C=CCn1cc[n+](C)c1.CC(=O)[O-],C=CCn1cc[n+](C)c1,CC(=O)[O-],MCC,60,1,18,Y. Zhang et al. / Carbohydrate Polymers 117 (2015) 666â€“672
C=CCn1cc[n+](C)c1.O=C([O-])CO,C=CCn1cc[n+](C)c1,O=C([O-])CO,MCC,80,1,15,Y. Zhang et al. / Carbohydrate Polymers 117 (2015) 666â€“672
C=CCn1cc[n+](C)c1.O=C[O-],C=CCn1cc[n+](C)c1,O=C[O-],MCC,70,1,17,Y. Zhang et al. / Carbohydrate Polymers 117 (2015) 666â€“672
C=CCn1cc[n+](C)c1.O=C([O-])CO,C=CCn1cc[n+](C)c1,O=C([O-])CO,MCC,25,1,0.5,Y. Zhang et al. / Carbohydrate Polymers 117 (2015) 666â€“672
C=CCn1cc[n+](C)c1.CCC(=O)[O-],C=CCn1cc[n+](C)c1,CCC(=O)[O-],MCC,30,1,19,Y. Zhang et al. / Carbohydrate Polymers 117 (2015) 666â€“672
C=CCn1cc[n+](C)c1.CCC(=O)[O-],C=CCn1cc[n+](C)c1,CCC(=O)[O-],MCC,60,1,22.5,Y. Zhang et al. / Carbohydrate Polymers 117 (2015) 666â€“672
C=CCn1cc[n+](C)c1.CC(O)C(=O)[O-],C=CCn1cc[n+](C)c1,CC(O)C(=O)[O-],MCC,40,1,0.5,Y. Zhang et al. / Carbohydrate Polymers 117 (2015) 666â€“672
C=CCn1cc[n+](C)c1.CCCC(=O)[O-],C=CCn1cc[n+](C)c1,CCCC(=O)[O-],MCC,40,1,15.5,Y. Zhang et al. / Carbohydrate Polymers 117 (2015) 666â€“672
C=CCn1cc[n+](C)c1.O=C([O-])CO,C=CCn1cc[n+](C)c1,O=C([O-])CO,MCC,60,1,14,Y. Zhang et al. / Carbohydrate Polymers 117 (2015) 666â€“672
C=CCn1cc[n+](C)c1.CCCC(=O)[O-],C=CCn1cc[n+](C)c1,CCCC(=O)[O-],MCC,80,1,18.5,Y. Zhang et al. / Carbohydrate Polymers 117 (2015) 666â€“672
C=CCn1cc[n+](C)c1.O=C([O-])c1ccccc1,C=CCn1cc[n+](C)c1,O=C([O-])c1ccccc1,MCC,25,1,0.5,Y. Zhang et al. / Carbohydrate Polymers 117 (2015) 666â€“672
C=CCn1cc[n+](C)c1.CCC(=O)[O-],C=CCn1cc[n+](C)c1,CCC(=O)[O-],MCC,70,1,22.5,Y. Zhang et al. / Carbohydrate Polymers 117 (2015) 666â€“672
C=CCn1cc[n+](C)c1.CC(=O)[O-],C=CCn1cc[n+](C)c1,CC(=O)[O-],MCC,70,1,21,Y. Zhang et al. / Carbohydrate Polymers 117 (2015) 666â€“672
C=CCn1cc[n+](C)c1.CCC(=O)[O-],C=CCn1cc[n+](C)c1,CCC(=O)[O-],MCC,25,1,0.5,Y. Zhang et al. / Carbohydrate Polymers 117 (2015) 666â€“672
C=CCn1cc[n+](C)c1.CC(=O)[O-],C=CCn1cc[n+](C)c1,CC(=O)[O-],MCC,25,1,0.5,Y. Zhang et al. / Carbohydrate Polymers 117 (2015) 666â€“672
C=CCn1cc[n+](C)c1.CCCC(=O)[O-],C=CCn1cc[n+](C)c1,CCCC(=O)[O-],MCC,70,1,17.5,Y. Zhang et al. / Carbohydrate Polymers 117 (2015) 666â€“672
C=CCn1cc[n+](C)c1.CC(=O)[O-],C=CCn1cc[n+](C)c1,CC(=O)[O-],MCC,30,1,14,Y. Zhang et al. / Carbohydrate Polymers 117 (2015) 666â€“672
C=CCn1cc[n+](C)c1.CCC(=O)[O-],C=CCn1cc[n+](C)c1,CCC(=O)[O-],MCC,50,1,22,Y. Zhang et al. / Carbohydrate Polymers 117 (2015) 666â€“672
C=CCn1cc[n+](C)c1.O=C([O-])c1ccccc1,C=CCn1cc[n+](C)c1,O=C([O-])c1ccccc1,MCC,50,1,10.5,Y. Zhang et al. / Carbohydrate Polymers 117 (2015) 666â€“672
C=CCn1cc[n+](C)c1.O=C[O-],C=CCn1cc[n+](C)c1,O=C[O-],MCC,30,1,6,Y. Zhang et al. / Carbohydrate Polymers 117 (2015) 666â€“672
C=CCn1cc[n+](C)c1.O=C([O-])CO,C=CCn1cc[n+](C)c1,O=C([O-])CO,MCC,40,1,9,Y. Zhang et al. / Carbohydrate Polymers 117 (2015) 666â€“672
C=CCn1cc[n+](C)c1.O=C[O-],C=CCn1cc[n+](C)c1,O=C[O-],MCC,40,1,8.5,Y. Zhang et al. / Carbohydrate Polymers 117 (2015) 666â€“672
C=CCn1cc[n+](C)c1.CCCC(=O)[O-],C=CCn1cc[n+](C)c1,CCCC(=O)[O-],MCC,30,1,12.5,Y. Zhang et al. / Carbohydrate Polymers 117 (2015) 666â€“672
C=CCn1cc[n+](C)c1.O=C([O-])c1ccccc1,C=CCn1cc[n+](C)c1,O=C([O-])c1ccccc1,MCC,80,1,18,Y. Zhang et al. / Carbohydrate Polymers 117 (2015) 666â€“672
C=CCn1cc[n+](C)c1.O=C([O-])c1ccccc1,C=CCn1cc[n+](C)c1,O=C([O-])c1ccccc1,MCC,70,1,17,Y. Zhang et al. / Carbohydrate Polymers 117 (2015) 666â€“672
C=CCn1cc[n+](C)c1.CCCC(=O)[O-],C=CCn1cc[n+](C)c1,CCCC(=O)[O-],MCC,50,1,16,Y. Zhang et al. / Carbohydrate Polymers 117 (2015) 666â€“672
C=CCn1cc[n+](C)c1.CC(=O)[O-],C=CCn1cc[n+](C)c1,CC(=O)[O-],MCC,40,1,16,Y. Zhang et al. / Carbohydrate Polymers 117 (2015) 666â€“672
C=CCn1cc[n+](C)c1.O=C([O-])c1ccccc1,C=CCn1cc[n+](C)c1,O=C([O-])c1ccccc1,MCC,30,1,0.5,Y. Zhang et al. / Carbohydrate Polymers 117 (2015) 666â€“672
C=CCn1cc[n+](C)c1.O=C[O-],C=CCn1cc[n+](C)c1,O=C[O-],MCC,80,1,18.5,Y. Zhang et al. / Carbohydrate Polymers 117 (2015) 666â€“672
C=CCn1cc[n+](C)c1.CCCC(=O)[O-],C=CCn1cc[n+](C)c1,CCCC(=O)[O-],MCC,60,1,16.5,Y. Zhang et al. / Carbohydrate Polymers 117 (2015) 666â€“672
C=CCn1cc[n+](C)c1.CC(O)C(=O)[O-],C=CCn1cc[n+](C)c1,CC(O)C(=O)[O-],MCC,70,1,11.5,Y. Zhang et al. / Carbohydrate Polymers 117 (2015) 666â€“672
C=CCn1cc[n+](C)c1.O=C([O-])CO,C=CCn1cc[n+](C)c1,O=C([O-])CO,MCC,70,1,15,Y. Zhang et al. / Carbohydrate Polymers 117 (2015) 666â€“672
C=CCn1cc[n+](C)c1.O=C([O-])CO,C=CCn1cc[n+](C)c1,O=C([O-])CO,MCC,50,1,13,Y. Zhang et al. / Carbohydrate Polymers 117 (2015) 666â€“672
C=CCn1cc[n+](C)c1.CC(O)C(=O)[O-],C=CCn1cc[n+](C)c1,CC(O)C(=O)[O-],MCC,25,1,0.5,Y. Zhang et al. / Carbohydrate Polymers 117 (2015) 666â€“672
C=CCn1cc[n+](C)c1.CC(O)C(=O)[O-],C=CCn1cc[n+](C)c1,CC(O)C(=O)[O-],MCC,30,1,0.5,Y. Zhang et al. / Carbohydrate Polymers 117 (2015) 666â€“672
C=CCn1cc[n+](C)c1.CC(O)C(=O)[O-],C=CCn1cc[n+](C)c1,CC(O)C(=O)[O-],MCC,60,1,10.5,Y. Zhang et al. / Carbohydrate Polymers 117 (2015) 666â€“672
C=CCn1cc[n+](C)c1.CCC(=O)[O-],C=CCn1cc[n+](C)c1,CCC(=O)[O-],MCC,80,1,23,Y. Zhang et al. / Carbohydrate Polymers 117 (2015) 666â€“672
C=CCn1cc[n+](C)c1.CC(=O)[O-],C=CCn1cc[n+](C)c1,CC(=O)[O-],MCC,50,1,16.5,Y. Zhang et al. / Carbohydrate Polymers 117 (2015) 666â€“672
C=CCn1cc[n+](C)c1.O=C([O-])c1ccccc1,C=CCn1cc[n+](C)c1,O=C([O-])c1ccccc1,MCC,40,1,0.5,Y. Zhang et al. / Carbohydrate Polymers 117 (2015) 666â€“672
C=CCn1cc[n+](C)c1.O=C[O-],C=CCn1cc[n+](C)c1,O=C[O-],MCC,60,1,12,Y. Zhang et al. / Carbohydrate Polymers 117 (2015) 666â€“672
C=CCn1cc[n+](C)c1.O=C([O-])CO,C=CCn1cc[n+](C)c1,O=C([O-])CO,MCC,30,1,0.5,Y. Zhang et al. / Carbohydrate Polymers 117 (2015) 666â€“672
C=CCn1cc[n+](C)c1.CCC(=O)[O-],C=CCn1cc[n+](C)c1,CCC(=O)[O-],MCC,40,1,21,Y. Zhang et al. / Carbohydrate Polymers 117 (2015) 666â€“672
C=CCn1cc[n+](C)c1.CC(O)C(=O)[O-],C=CCn1cc[n+](C)c1,CC(O)C(=O)[O-],MCC,50,1,8,Y. Zhang et al. / Carbohydrate Polymers 117 (2015) 666â€“672
C=CCn1cc[n+](C)c1.O=C[O-],C=CCn1cc[n+](C)c1,O=C[O-],MCC,50,1,10,Y. Zhang et al. / Carbohydrate Polymers 117 (2015) 666â€“672
C=CCn1cc[n+](C)c1.CCCC(=O)[O-],C=CCn1cc[n+](C)c1,CCCC(=O)[O-],MCC,25,1,0.5,Y. Zhang et al. / Carbohydrate Polymers 117 (2015) 666â€“672
