,smiles,cation,anion,cellulose_crystal,T,heating_time,solv,Ref.
0,CCn1cc[n+](C)c1.c1c[n-]nn1,CCn1cc[n+](C)c1,c1c[n-]nn1,cellulose,20,72.0,8.0,Carbohydrate Polymers 229 (2020) 115594
1,C=CC[N+]1(C)CCOCC1.[Cl-],C=CC[N+]1(C)CCOCC1,[Cl-],cellulose,100,0.5,5.75,European Polymer Journal 92 (2017) 204–212
2,C=C[N+]1(C)CCOCC1.CC(=O)[O-],C=C[N+]1(C)CCOCC1,CC(=O)[O-],MCC,90,2.0,9.085038145,"Green Chem., 2014, 16,1326"
3,C=C[N+]1(C)CCOCC1.CC(=O)[O-],C=C[N+]1(C)CCOCC1,CC(=O)[O-],MCC,40,2.0,0.0,"Green Chem., 2014, 16,1326"
4,CCCCCCCCCCCCCCn1cc[n+](C)c1.CC(=O)[O-],CCCCCCCCCCCCCCn1cc[n+](C)c1,CC(=O)[O-],MCC,115,4.0,0.0,"Sci China Chem, 2016, 59: 1421–1429"
5,C=CC[N+]1(C)CCCCC1.CC(=O)[O-],C=CC[N+]1(C)CCCCC1,CC(=O)[O-],MCC,40,2.0,0.0,"Green Chem., 2014, 16,1326"
6,CCCC[N+]1(C)CCCCC1.CC(=O)[O-],CCCC[N+]1(C)CCCCC1,CC(=O)[O-],MCC,110,2.0,1.858835142,"Green Chem., 2014, 16,1326"
7,C1CCC2=[NH+]CCCN2CC1.CCCCCCCCCC(=O)[O-],C1CCC2=[NH+]CCCN2CC1,CCCCCCCCCC(=O)[O-],MCC,100,24.0,1.0,"Aust. J. Chem. 2019, 72, 55–60"
8,C[n+]1ccn(Cc2ccccc2)c1.CC(=O)[O-],C[n+]1ccn(Cc2ccccc2)c1,CC(=O)[O-],MCC,90,2.0,9.477808192,"Green Chem., 2014, 16,1326"
9,Cn1cc[n+](C)c1.CCCC(=O)[O-],Cn1cc[n+](C)c1,CCCC(=O)[O-],cellulose,100,0.5,16.0,"RSC Adv., 2012, 2, 2476–2479"
10,CCn1cc[n+](C)n1.O=C([O-])c1ccccc1,CCn1cc[n+](C)n1,O=C([O-])c1ccccc1,MCC,80,24.0,8.5,"Molecules 2020, 25, 3539"
11,C=CCn1cc[n+](C)c1.CCCC(=O)[O-],C=CCn1cc[n+](C)c1,CCCC(=O)[O-],MCC,40,1.0,15.5,Y. Zhang et al. / Carbohydrate Polymers 117 (2015) 666–672
12,CCCCn1c[n+](CC)c2ccccc21.CC(=O)[O-],CCCCn1c[n+](CC)c2ccccc21,CC(=O)[O-],MCC,40,2.0,0.0,"Green Chem., 2014, 16,1326"
13,C[N+](C)(C)CCO.O=C([O-])C1CCNC1,C[N+](C)(C)CCO,O=C([O-])C1CCNC1,cellulose,90,24.0,0.0,"Green Chem., 2012, 14, 304–307"
14,CCn1cc[n+](C)c1.CC(C)C(=O)[O-],CCn1cc[n+](C)c1,CC(C)C(=O)[O-],cellulose,60,0.5,13.0,"RSC Adv., 2012, 2, 2476–2479"
15,CCn1cc[n+](C)c1.O=C([O-])CCC(=O)O,CCn1cc[n+](C)c1,O=C([O-])CCC(=O)O,cellulose,100,0.5,0.0,"RSC Adv., 2012, 2, 2476–2479"
16,CCCCCC[N+](C)(C)C1CCCCC1.COCC(=O)[O-],CCCCCC[N+](C)(C)C1CCCCC1,COCC(=O)[O-],cellulose,105,0.5,1.52284264,"RSC Adv., 2012, 2, 8429–8438"
17,CCn1c[n+](CC)c2ccccc21.CC(=O)[O-],CCn1c[n+](CC)c2ccccc21,CC(=O)[O-],MCC,70,2.0,0.0,"Green Chem., 2014, 16,1326"
18,C[N+](C)(C)CCO.CC(C)(C)OC(=O)NCC(=O)[O-],C[N+](C)(C)CCO,CC(C)(C)OC(=O)NCC(=O)[O-],cellulose,90,24.0,0.0,"Biotechnology and Bioengineering, Vol. 112, No. 1, January, 2015"
19,COCCn1cc[n+](C)c1.CC(=O)[O-],COCCn1cc[n+](C)c1,CC(=O)[O-],MCC,100,2.0,21.98723725,"Green Chem., 2014, 16,1326"
20,C[N+](C)(C)CCO.CSCCC(N)C(=O)[O-],C[N+](C)(C)CCO,CSCCC(N)C(=O)[O-],cellulose,90,24.0,0.0,"Green Chem., 2012, 14, 304–307"
21,C=CC[N+]1(C)CCCCC1.CC(=O)[O-],C=CC[N+]1(C)CCCCC1,CC(=O)[O-],MCC,70,2.0,0.0,"Green Chem., 2014, 16,1326"
22,OCC[NH2+]CCO.CC(=O)[O-],OCC[NH2+]CCO,CC(=O)[O-],MCC,80,24.0,0.0,"Ind. Eng. Chem. Res. 2010, 49, 11809–11813"
23,COCC[NH2+]CCOC.CC(=O)[O-],COCC[NH2+]CCOC,CC(=O)[O-],Avicel,110,1.0,0.5,"Green Chem., 2008, 10, 696–705"
24,CCCC[N+]1(C)CCCC1.CC(=O)[O-],CCCC[N+]1(C)CCCC1,CC(=O)[O-],MCC,80,2.0,0.0,"Green Chem., 2014, 16,1326"
25,C[N+](C)(C)CCO.O=C([O-])C(F)(F)F,C[N+](C)(C)CCO,O=C([O-])C(F)(F)F,cellulose,90,24.0,0.0,"Biotechnology and Bioengineering, Vol. 112, No. 1, January, 2015"
26,CC[N+]1(C)CCOCC1.CC(=O)[O-],CC[N+]1(C)CCOCC1,CC(=O)[O-],MCC,80,2.0,3.17231217,"Green Chem., 2014, 16,1326"
27,OCC[NH+](CCO)CCO.CC(=O)[O-],OCC[NH+](CCO)CCO,CC(=O)[O-],MCC,80,24.0,0.0,"Ind. Eng. Chem. Res. 2010, 49, 11809–11813"
28,C=C[N+]1(C)CCOCC1.CC(=O)[O-],C=C[N+]1(C)CCOCC1,CC(=O)[O-],MCC,70,2.0,2.137656034,"Green Chem., 2014, 16,1326"
29,CCCC[P+](CCCC)(CCCC)CCCC.O=C[O-],CCCC[P+](CCCC)(CCCC)CCCC,O=C[O-],Avicel,110,1.0,6.0,"Green Chem., 2008, 10, 696–705"
30,C[n+]1ccn(CCO)c1.CC(=O)[O-],C[n+]1ccn(CCO)c1,CC(=O)[O-],MCC,40,2.0,0.0,"Green Chem., 2014, 16,1326"
31,C[N+](C)(C)CCO.CCCC(=O)[O-],C[N+](C)(C)CCO,CCCC(=O)[O-],cellulose,90,24.0,0.0,"Biotechnology and Bioengineering, Vol. 112, No. 1, January, 2015"
32,CCCCCC[P+](CCCCCC)(CCCCCC)CCCCCC.CCCC(=O)[O-],CCCCCC[P+](CCCCCC)(CCCCCC)CCCCCC,CCCC(=O)[O-],cellulose,130,1.0,0.0,"Phys. Chem. Chem. Phys., 2015, 17, 32276--32282"
33,CCCC[n+]1nn(CC)c2ccccc21.CC(=O)[O-],CCCC[n+]1nn(CC)c2ccccc21,CC(=O)[O-],MCC,110,2.0,0.0,"Green Chem., 2014, 16,1326"
34,CCCCC[P+](CCCCC)(CCCCC)CCCCC.CCCCCCCCCC(=O)[O-],CCCCC[P+](CCCCC)(CCCCC)CCCCC,CCCCCCCCCC(=O)[O-],cellulose,130,1.0,0.0,"Phys. Chem. Chem. Phys., 2015, 17, 32276--32282"
35,C=CC[N+]1(C)CCOCC1.CC(=O)[O-],C=CC[N+]1(C)CCOCC1,CC(=O)[O-],cellulose,100,0.5,6.05,European Polymer Journal 92 (2017) 204–212
36,COCC[N+](C)(C)CCOC.CC(=O)[O-],COCC[N+](C)(C)CCOC,CC(=O)[O-],MCC,80,5.0,15.0,"New J. Chem., 2011, 35, 1596–1606"
37,CCCCn1c[n+](CC)c2ccccc21.CC(=O)[O-],CCCCn1c[n+](CC)c2ccccc21,CC(=O)[O-],MCC,110,2.0,0.0,"Green Chem., 2014, 16,1326"
38,C=CC[NH2+]CC=C.CC(=O)[O-],C=CC[NH2+]CC=C,CC(=O)[O-],MCC,80,24.0,0.0,"Ind. Eng. Chem. Res. 2010, 49, 11809–11813"
39,C=C[N+]1(C)CCOCC1.CC(=O)[O-],C=C[N+]1(C)CCOCC1,CC(=O)[O-],MCC,50,2.0,0.534414009,"Green Chem., 2014, 16,1326"
40,CCCCCCCC[N+](C)(C)C1CCCCC1.O=C[O-],CCCCCCCC[N+](C)(C)C1CCCCC1,O=C[O-],cellulose,105,0.5,1.01010101,"RSC Adv., 2012, 2, 8429–8438"
41,CCn1cc[n+](C)c1.O=C([O-])/C=C/C(=O)O,CCn1cc[n+](C)c1,O=C([O-])/C=C/C(=O)O,cellulose,60,0.5,0.0,"RSC Adv., 2012, 2, 2476–2479"
42,CCn1cc[n+](C)c1.CC(=O)[O-],CCn1cc[n+](C)c1,CC(=O)[O-],Avicel,100,0.5,15.0,"Ind. Eng. Chem. Res. 2019, 58, 16009−16017"
43,C=CCn1cc[n+](C)c1.CCC(=O)[O-],C=CCn1cc[n+](C)c1,CCC(=O)[O-],MCC,40,1.0,21.0,Y. Zhang et al. / Carbohydrate Polymers 117 (2015) 666–672
44,CCCC[N+]1(C)CCCC1.CC(=O)[O-],CCCC[N+]1(C)CCCC1,CC(=O)[O-],MCC,120,2.0,1.491254694,"Green Chem., 2014, 16,1326"
45,CCn1cc[n+](C)c1C.CC(=O)[O-],CCn1cc[n+](C)c1C,CC(=O)[O-],MCC,80,4.0,10.9,"Sci China Chem, 2016, 59: 1421–1429"
46,CCn1cc[n+](C)c1.CC(C)C(=O)[O-],CCn1cc[n+](C)c1,CC(C)C(=O)[O-],cellulose,80,0.5,14.0,"RSC Adv., 2012, 2, 2476–2479"
47,CCOCC[N+](C)(C)CCOC.CC(=O)[O-],CCOCC[N+](C)(C)CCOC,CC(=O)[O-],MCC,80,5.0,17.0,"New J. Chem., 2011, 35, 1596–1606"
48,CCCCn1cc[n+](C)c1.O=S(=O)([O-])C(F)(F)F,CCCCn1cc[n+](C)c1,O=S(=O)([O-])C(F)(F)F,Avicel,100,1.0,0.0,"Green Chem., 2009,11, 417-424"
49,C=CCn1cc[n+](C)c1.CCCC(=O)[O-],C=CCn1cc[n+](C)c1,CCCC(=O)[O-],MCC,80,1.0,18.5,Y. Zhang et al. / Carbohydrate Polymers 117 (2015) 666–672
50,C=CCn1cc[n+](C)c1.CCCC(=O)[O-],C=CCn1cc[n+](C)c1,CCCC(=O)[O-],MCC,25,1.0,0.5,Y. Zhang et al. / Carbohydrate Polymers 117 (2015) 666–672
51,CCCCCC[N+](C)(C)C1CCCCC1.COCCOCC(=O)[O-],CCCCCC[N+](C)(C)C1CCCCC1,COCCOCC(=O)[O-],cellulose,105,0.5,4.712041885,"RSC Adv., 2012, 2, 8429–8438"
52,CCn1c[n+](CC)c2ccccc21.CC(=O)[O-],CCn1c[n+](CC)c2ccccc21,CC(=O)[O-],MCC,100,2.0,0.0,"Green Chem., 2014, 16,1326"
53,CCCC[n+]1nn(CC)c2ccccc21.CC(=O)[O-],CCCC[n+]1nn(CC)c2ccccc21,CC(=O)[O-],MCC,90,2.0,0.0,"Green Chem., 2014, 16,1326"
54,C[n+]1ccn(CCO)c1.CC(=O)[O-],C[n+]1ccn(CCO)c1,CC(=O)[O-],MCC,90,2.0,16.12032708,"Green Chem., 2014, 16,1326"
55,CCCC[N+]1(C)CCCCC1.CC(=O)[O-],CCCC[N+]1(C)CCCCC1,CC(=O)[O-],MCC,80,2.0,0.464708786,"Green Chem., 2014, 16,1326"
56,CCn1cc[n+](C)c1.O=C([O-])/C=C/C(=O)O,CCn1cc[n+](C)c1,O=C([O-])/C=C/C(=O)O,cellulose,100,0.5,0.0,"RSC Adv., 2012, 2, 2476–2479"
57,CCCCCCCC[N+](C)(C)C1CCCCC1.COCC(=O)[O-],CCCCCCCC[N+](C)(C)C1CCCCC1,COCC(=O)[O-],cellulose,105,0.5,1.01010101,"RSC Adv., 2012, 2, 8429–8438"
58,Cn1cc[n+](C)n1.O=S(=O)([O-])C(F)(F)F,Cn1cc[n+](C)n1,O=S(=O)([O-])C(F)(F)F,MCC,80,24.0,4.9,"J. Phys. Chem. B 2019, 123, 3994−4003"
59,CC[n+]1ccn(CCOCCOCCOCCOC)c1.CC(=O)[O-],CC[n+]1ccn(CCOCCOCCOCCOC)c1,CC(=O)[O-],Avicel,110,1.0,10.0,"Green Chem., 2008, 10, 696–705"
60,CCCC[N+](C)(C)C1CCCCC1.CCOCC(=O)[O-],CCCC[N+](C)(C)C1CCCCC1,CCOCC(=O)[O-],cellulose,105,0.5,7.52688172,"RSC Adv., 2012, 2, 8429–8438"
61,CC[N+](C)(C)CC.CC(=O)[O-],CC[N+](C)(C)CC,CC(=O)[O-],cellulose,100,0.5,2.0,"RSC Adv., 2012, 2, 2476–2479"
62,C[N+](C)(C)CCO.CCCCC(CC)C(=O)[O-],C[N+](C)(C)CCO,CCCCC(CC)C(=O)[O-],cellulose,90,24.0,0.0,"Biotechnology and Bioengineering, Vol. 112, No. 1, January, 2015"
63,CC[N+](C)(C)CC.CCCC(=O)[O-],CC[N+](C)(C)CC,CCCC(=O)[O-],cellulose,60,0.5,0.0,"RSC Adv., 2012, 2, 2476–2479"
64,CCn1cc[n+](C)c1.[O-]c1ccccc1,CCn1cc[n+](C)c1,[O-]c1ccccc1,MCC,20,6.0,15.0,Carbohydrate Polymers 229 (2020) 115594
65,COCCn1cc[n+](C)c1.CC(=O)[O-],COCCn1cc[n+](C)c1,CC(=O)[O-],MCC,110,2.0,24.48578693,"Green Chem., 2014, 16,1326"
66,C[N+](C)(C)CCO.CCC(C)C(N)C(=O)[O-],C[N+](C)(C)CCO,CCC(C)C(N)C(=O)[O-],cellulose,90,24.0,0.0,"Green Chem., 2012, 14, 304–307"
67,CCCC[N+]1(C)CCCCC1.CC(=O)[O-],CCCC[N+]1(C)CCCCC1,CC(=O)[O-],MCC,70,2.0,0.0,"Green Chem., 2014, 16,1326"
68,CCCCn1cc[n+](C)c1C.CC(=O)[O-],CCCCn1cc[n+](C)c1C,CC(=O)[O-],MCC,120,2.0,17.44028652,"Green Chem., 2014, 16,1326"
69,C[N+](C)(C)CCO.CCCCCCCC(=O)[O-],C[N+](C)(C)CCO,CCCCCCCC(=O)[O-],cellulose,90,24.0,0.0,"Biotechnology and Bioengineering, Vol. 112, No. 1, January, 2015"
70,CCCCn1c[n+](CC)c2ccccc21.CC(=O)[O-],CCCCn1c[n+](CC)c2ccccc21,CC(=O)[O-],MCC,80,2.0,0.0,"Green Chem., 2014, 16,1326"
71,C[n+]1ccn(Cc2ccccc2)c1.CC(=O)[O-],C[n+]1ccn(Cc2ccccc2)c1,CC(=O)[O-],MCC,80,2.0,8.616189265,"Green Chem., 2014, 16,1326"
72,C[n+]1ccn(Cc2ccccc2)c1.CC(=O)[O-],C[n+]1ccn(Cc2ccccc2)c1,CC(=O)[O-],MCC,70,2.0,7.323760876,"Green Chem., 2014, 16,1326"
73,CC[N+](CC)(CC)CCOCCOC.CC(=O)[O-],CC[N+](CC)(CC)CCOCCOC,CC(=O)[O-],Avicel,110,1.0,10.0,"Green Chem., 2008, 10, 696–705"
74,C[N+](C)(C)CCO.O=S(=O)([N-]S(=O)(=O)C(F)(F)F)C(F)(F)F,C[N+](C)(C)CCO,O=S(=O)([N-]S(=O)(=O)C(F)(F)F)C(F)(F)F,Avicel,110,1.0,0.0,"Green Chem., 2008, 10, 696–705"
75,C[N+](C)(C)CCO.O=C([O-])c1cccnc1,C[N+](C)(C)CCO,O=C([O-])c1cccnc1,cellulose,90,24.0,0.0,"Biotechnology and Bioengineering, Vol. 112, No. 1, January, 2015"
76,CC[N+](CC)(CC)OCCOCCOC.CC(=O)[O-],CC[N+](CC)(CC)OCCOCCOC,CC(=O)[O-],Avicel,110,1.0,10.0,"Green Chem., 2008, 10, 696–705"
77,CCCCn1cc[n+](C)c1.CC(=O)[O-],CCCCn1cc[n+](C)c1,CC(=O)[O-],MCC,50,2.0,12.61754328,"Green Chem., 2014, 16,1326"
78,CC[N+](C)(C)C1CCCCC1.CC(=O)[O-],CC[N+](C)(C)C1CCCCC1,CC(=O)[O-],cellulose,105,0.5,1.01010101,"RSC Adv., 2012, 2, 8429–8438"
79,CCCC[n+]1nn(CC)c2ccccc21.CC(=O)[O-],CCCC[n+]1nn(CC)c2ccccc21,CC(=O)[O-],MCC,100,2.0,0.0,"Green Chem., 2014, 16,1326"
80,C=CCn1cc[n+](C)c1.O=C[O-],C=CCn1cc[n+](C)c1,O=C[O-],MCC,40,1.0,8.5,Y. Zhang et al. / Carbohydrate Polymers 117 (2015) 666–672
81,CCCC[N+]1(C)CCCCC1.CC(=O)[O-],CCCC[N+]1(C)CCCCC1,CC(=O)[O-],MCC,40,2.0,0.0,"Green Chem., 2014, 16,1326"
82,C=CCn1cc[n+](C)c1.CC(=O)[O-],C=CCn1cc[n+](C)c1,CC(=O)[O-],MCC,70,1.0,21.0,Y. Zhang et al. / Carbohydrate Polymers 117 (2015) 666–672
83,C[N+](C)(C)CCO.NC(CO)C(=O)[O-],C[N+](C)(C)CCO,NC(CO)C(=O)[O-],cellulose,90,24.0,0.0,"Green Chem., 2012, 14, 304–307"
84,C=CCn1cc[n+](C)c1.O=C([O-])c1ccccc1,C=CCn1cc[n+](C)c1,O=C([O-])c1ccccc1,MCC,30,1.0,0.5,Y. Zhang et al. / Carbohydrate Polymers 117 (2015) 666–672
85,C[N+](C)(C)CCO.CC(O)C(=O)[O-],C[N+](C)(C)CCO,CC(O)C(=O)[O-],cellulose,90,24.0,0.0,"Biotechnology and Bioengineering, Vol. 112, No. 1, January, 2015"
86,CCCCn1cc[n+](C)c1.O=C[O-],CCCCn1cc[n+](C)c1,O=C[O-],Avicel,110,1.0,8.0,"Green Chem., 2008, 10, 696–705"
87,C[n+]1ccn(CCO)c1.CC(=O)[O-],C[n+]1ccn(CCO)c1,CC(=O)[O-],MCC,70,2.0,11.82157319,"Green Chem., 2014, 16,1326"
88,C=CCn1cc[n+](C)c1.O=C[O-],C=CCn1cc[n+](C)c1,O=C[O-],MCC,80,1.0,18.5,Y. Zhang et al. / Carbohydrate Polymers 117 (2015) 666–672
89,CCCC[N+]1(C)CCCC1.CC(=O)[O-],CCCC[N+]1(C)CCCC1,CC(=O)[O-],MCC,40,2.0,0.0,"Green Chem., 2014, 16,1326"
90,C=CCn1cc[n+](C)c1.O=C([O-])CO,C=CCn1cc[n+](C)c1,O=C([O-])CO,MCC,60,1.0,14.0,Y. Zhang et al. / Carbohydrate Polymers 117 (2015) 666–672
91,CCCCn1cc[n+](C)c1.c1nc[n-]n1,CCCCn1cc[n+](C)c1,c1nc[n-]n1,MCC,20,72.0,3.0,Carbohydrate Polymers 229 (2020) 115594
92,C[n+]1ccn(CCOCCO)c1.CC(=O)[O-],C[n+]1ccn(CCOCCO)c1,CC(=O)[O-],Avicel,110,1.0,5.0,"Green Chem., 2008, 10, 696–705"
93,C[N+](C)(C)CCO.CC(C)(C)C(=O)[O-],C[N+](C)(C)CCO,CC(C)(C)C(=O)[O-],cellulose,90,24.0,0.0,"Biotechnology and Bioengineering, Vol. 112, No. 1, January, 2015"
94,CC[n+]1ccn(CCOCCOCCOCCOCCOCCOCCOC)c1.CC(=O)[O-],CC[n+]1ccn(CCOCCOCCOCCOCCOCCOCCOC)c1,CC(=O)[O-],Avicel,110,1.0,3.0,"Green Chem., 2008, 10, 696–705"
95,C=C[N+]1(C)CCOCC1.CC(=O)[O-],C=C[N+]1(C)CCOCC1,CC(=O)[O-],MCC,80,2.0,6.412968102,"Green Chem., 2014, 16,1326"
96,CC[N+]1(C)CCOCC1.CC(=O)[O-],CC[N+]1(C)CCOCC1,CC(=O)[O-],MCC,110,2.0,14.80412346,"Green Chem., 2014, 16,1326"
97,C=CCn1cc[n+](C)c1.CC(O)C(=O)[O-],C=CCn1cc[n+](C)c1,CC(O)C(=O)[O-],MCC,25,1.0,0.5,Y. Zhang et al. / Carbohydrate Polymers 117 (2015) 666–672
98,CCn1cc[n+](C)n1.O=C([O-])c1ccccc1O,CCn1cc[n+](C)n1,O=C([O-])c1ccccc1O,MCC,80,24.0,4.8,"Molecules 2020, 25, 3539"
99,CCCCn1cc[n+](C)c1C.CC(=O)[O-],CCCCn1cc[n+](C)c1C,CC(=O)[O-],MCC,90,2.0,13.66941376,"Green Chem., 2014, 16,1326"
100,CCn1cc[n+](C)c1.CC(=O)[O-],CCn1cc[n+](C)c1,CC(=O)[O-],Avicel,110,1.0,15.0,"Green Chem., 2008, 10, 696–705"
101,OCC[NH2+]CCO.O=C[O-],OCC[NH2+]CCO,O=C[O-],MCC,80,24.0,0.0,"Ind. Eng. Chem. Res. 2010, 49, 11809–11813"
102,CC[n+]1ccn(CCOCCOC)c1.[Cl-],CC[n+]1ccn(CCOCCOC)c1,[Cl-],Avicel,110,1.0,2.0,"Green Chem., 2008, 10, 696–705"
103,C[N+](C)(C)CCO.O=C([O-])CO,C[N+](C)(C)CCO,O=C([O-])CO,cellulose,90,24.0,0.0,"Biotechnology and Bioengineering, Vol. 112, No. 1, January, 2015"
104,CCCCCC[N+](C)(C)C1CCCCC1.CCOCC(=O)[O-],CCCCCC[N+](C)(C)C1CCCCC1,CCOCC(=O)[O-],cellulose,105,0.5,4.166666667,"RSC Adv., 2012, 2, 8429–8438"
105,C[N+](C)(C)CCO.CCCCCC(=O)[O-],C[N+](C)(C)CCO,CCCCCC(=O)[O-],cellulose,90,24.0,0.0,"Biotechnology and Bioengineering, Vol. 112, No. 1, January, 2015"
106,C=CCn1cc[n+](C)c1.CC(=O)[O-],C=CCn1cc[n+](C)c1,CC(=O)[O-],MCC,80,1.0,22.0,Y. Zhang et al. / Carbohydrate Polymers 117 (2015) 666–672
107,CCn1c[n+](CC)c2ccccc21.CC(=O)[O-],CCn1c[n+](CC)c2ccccc21,CC(=O)[O-],MCC,40,2.0,0.0,"Green Chem., 2014, 16,1326"
108,C[N+](C)(C)CCO.NC(CC(=O)O)C(=O)[O-],C[N+](C)(C)CCO,NC(CC(=O)O)C(=O)[O-],cellulose,90,24.0,0.0,"Green Chem., 2012, 14, 304–307"
109,C=CC[N+]1(C)CCCCC1.CC(=O)[O-],C=CC[N+]1(C)CCCCC1,CC(=O)[O-],MCC,120,2.0,9.540201028,"Green Chem., 2014, 16,1326"
110,CCn1cc[n+](C)c1.O=C([O-])c1ccccc1,CCn1cc[n+](C)c1,O=C([O-])c1ccccc1,MCC,80,24.0,7.4,"Molecules 2020, 25, 3539"
111,COCCn1cc[n+](C)c1.CC(=O)[O-],COCCn1cc[n+](C)c1,CC(=O)[O-],MCC,50,2.0,8.495068936,"Green Chem., 2014, 16,1326"
112,CCCn1cc[n+](C)c1.CC(=O)[O-],CCCn1cc[n+](C)c1,CC(=O)[O-],MCC,80,4.0,11.7,"Sci China Chem, 2016, 59: 1421–1429"
113,CCCCn1cc[n+](C)c1.[Cl-],CCCCn1cc[n+](C)c1,[Cl-],Avicel,110,1.0,10.0,"Green Chem., 2008, 10, 696–705"
114,C=CC[N+]1(C)CCOCC1.O=S(=O)([O-])O,C=CC[N+]1(C)CCOCC1,O=S(=O)([O-])O,cellulose,100,0.5,6.37,European Polymer Journal 92 (2017) 204–212
115,CCn1c[n+](CC)c2ccccc21.CC(=O)[O-],CCn1c[n+](CC)c2ccccc21,CC(=O)[O-],MCC,80,2.0,0.0,"Green Chem., 2014, 16,1326"
116,C=CC[N+]1(C)CCCCC1.CC(=O)[O-],C=CC[N+]1(C)CCCCC1,CC(=O)[O-],MCC,80,2.0,0.0,"Green Chem., 2014, 16,1326"
117,C[N+](C)(C)CCO.O=C[O-],C[N+](C)(C)CCO,O=C[O-],cellulose,90,24.0,0.0,"Biotechnology and Bioengineering, Vol. 112, No. 1, January, 2015"
118,CCCC[n+]1nn(CC)c2ccccc21.CC(=O)[O-],CCCC[n+]1nn(CC)c2ccccc21,CC(=O)[O-],MCC,120,2.0,0.379992084,"Green Chem., 2014, 16,1326"
119,CCCCn1cc[n+](C)c1.CC(=O)[O-],CCCCn1cc[n+](C)c1,CC(=O)[O-],MCC,40,2.0,11.60813982,"Green Chem., 2014, 16,1326"
120,C[n+]1cc[nH]c1.O=S(=O)([N-]S(=O)(=O)C(F)(F)F)C(F)(F)F,C[n+]1cc[nH]c1,O=S(=O)([N-]S(=O)(=O)C(F)(F)F)C(F)(F)F,Avicel,110,1.0,0.0,"Green Chem., 2008, 10, 696–705"
121,CCCCCCCC[N+](C)(C)C1CCCCC1.CCOCC(=O)[O-],CCCCCCCC[N+](C)(C)C1CCCCC1,CCOCC(=O)[O-],cellulose,105,0.5,1.01010101,"RSC Adv., 2012, 2, 8429–8438"
122,Cn1cc[n+](C)c1.O=C[O-],Cn1cc[n+](C)c1,O=C[O-],cellulose,100,0.5,14.0,"RSC Adv., 2012, 2, 2476–2479"
123,CCCCn1cc[n+](C)c1.[Cl-],CCCCn1cc[n+](C)c1,[Cl-],MCC,80,4.0,10.0,"Sci China Chem, 2016, 59: 1421–1429"
124,C1CCC2=[NH+]CCCN2CC1.CCCCCCCC(=O)[O-],C1CCC2=[NH+]CCCN2CC1,CCCCCCCC(=O)[O-],MCC,100,24.0,3.0,"Aust. J. Chem. 2019, 72, 55–60"
125,CCCCn1cc[n+](C)c1.c1c[n-]nn1,CCCCn1cc[n+](C)c1,c1c[n-]nn1,MCC,20,72.0,4.0,Carbohydrate Polymers 229 (2020) 115594
126,Cn1cc[n+](C)c1.CCC(=O)[O-],Cn1cc[n+](C)c1,CCC(=O)[O-],cellulose,100,0.5,12.0,"RSC Adv., 2012, 2, 2476–2479"
127,[NH3+]CCO.CC(=O)[O-],[NH3+]CCO,CC(=O)[O-],MCC,80,24.0,0.0,"Ind. Eng. Chem. Res. 2010, 49, 11809–11813"
128,CCCCCCCC[N+](C)(C)C1CCCCC1.COCCOCCOCC(=O)[O-],CCCCCCCC[N+](C)(C)C1CCCCC1,COCCOCCOCC(=O)[O-],cellulose,105,0.5,1.52284264,"RSC Adv., 2012, 2, 8429–8438"
129,CCCCn1cc[n+](C)c1C.CC(=O)[O-],CCCCn1cc[n+](C)c1C,CC(=O)[O-],MCC,100,2.0,15.08349104,"Green Chem., 2014, 16,1326"
130,CCn1cc[n+](C)c1.c1ccc2[n-]nnc2c1,CCn1cc[n+](C)c1,c1ccc2[n-]nnc2c1,MCC,20,72.0,2.0,Carbohydrate Polymers 229 (2020) 115594
131,CCCCn1cc[n+](C)c1C.CC(=O)[O-],CCCCn1cc[n+](C)c1C,CC(=O)[O-],MCC,110,2.0,16.49756833,"Green Chem., 2014, 16,1326"
132,C[N+](C)(C)CCO.O=C([O-])C(=O)O,C[N+](C)(C)CCO,O=C([O-])C(=O)O,cellulose,90,24.0,0.0,"Biotechnology and Bioengineering, Vol. 112, No. 1, January, 2015"
133,CC[n+]1ccn(CCCOCCCOCCCOC)c1.CC(=O)[O-],CC[n+]1ccn(CCCOCCCOCCCOC)c1,CC(=O)[O-],Avicel,110,1.0,0.5,"Green Chem., 2008, 10, 696–705"
134,CCCC[N+](C)(C)C1CCCCC1.COCC(=O)[O-],CCCC[N+](C)(C)C1CCCCC1,COCC(=O)[O-],cellulose,105,0.5,1.01010101,"RSC Adv., 2012, 2, 8429–8438"
135,C=C[N+]1(C)CCOCC1.CC(=O)[O-],C=C[N+]1(C)CCOCC1,CC(=O)[O-],MCC,60,2.0,1.068828017,"Green Chem., 2014, 16,1326"
136,CCn1cc[n+](C)c1.CC(C)C(=O)[O-],CCn1cc[n+](C)c1,CC(C)C(=O)[O-],cellulose,100,0.5,17.0,"RSC Adv., 2012, 2, 2476–2479"
137,CCCCn1cc[n+](C)c1.CC(=O)[O-],CCCCn1cc[n+](C)c1,CC(=O)[O-],MCC,70,2.0,15.64575367,"Green Chem., 2014, 16,1326"
138,C=CCn1cc[n+](C)c1.CC(O)C(=O)[O-],C=CCn1cc[n+](C)c1,CC(O)C(=O)[O-],MCC,60,1.0,10.5,Y. Zhang et al. / Carbohydrate Polymers 117 (2015) 666–672
139,CCCCCCn1cc[n+](C)c1.[O-]c1ccccc1,CCCCCCn1cc[n+](C)c1,[O-]c1ccccc1,MCC,20,96.0,0.0,Carbohydrate Polymers 229 (2020) 115594
140,C[N+](C)(C)CCO.O=C([O-])CNC(=O)OCc1ccccc1,C[N+](C)(C)CCO,O=C([O-])CNC(=O)OCc1ccccc1,cellulose,90,24.0,0.0,"Biotechnology and Bioengineering, Vol. 112, No. 1, January, 2015"
141,CCn1cc[n+](C)n1.CC(=O)[O-],CCn1cc[n+](C)n1,CC(=O)[O-],MCC,80,24.0,19.9,"J. Phys. Chem. B 2019, 123, 3994−4003"
142,CCn1cc[n+](C)c1.O=C([O-])CCC(=O)O,CCn1cc[n+](C)c1,O=C([O-])CCC(=O)O,cellulose,80,0.5,0.0,"RSC Adv., 2012, 2, 2476–2479"
143,C=CC[N+]1(C)CCOCC1.O=C[O-],C=CC[N+]1(C)CCOCC1,O=C[O-],cellulose,100,0.5,4.2,European Polymer Journal 92 (2017) 204–212
144,C=CCn1cc[n+](C)c1.O=C([O-])c1ccccc1,C=CCn1cc[n+](C)c1,O=C([O-])c1ccccc1,MCC,70,1.0,17.0,Y. Zhang et al. / Carbohydrate Polymers 117 (2015) 666–672
145,C[NH+](C)CCO.CC(=O)[O-],C[NH+](C)CCO,CC(=O)[O-],Avicel,110,1.0,0.5,"Green Chem., 2008, 10, 696–705"
146,CC[N+](C)(CC)CCOC(C)OC(C)OC(C)OC(C)OC(C)O.[Cl-],CC[N+](C)(CC)CCOC(C)OC(C)OC(C)OC(C)OC(C)O,[Cl-],Avicel,110,1.0,0.5,"Green Chem., 2008, 10, 696–705"
147,CCCC[n+]1nn(CC)c2ccccc21.CC(=O)[O-],CCCC[n+]1nn(CC)c2ccccc21,CC(=O)[O-],MCC,80,2.0,0.0,"Green Chem., 2014, 16,1326"
148,C=CCn1cc[n+](C)c1.CCC(=O)[O-],C=CCn1cc[n+](C)c1,CCC(=O)[O-],MCC,30,1.0,19.0,Y. Zhang et al. / Carbohydrate Polymers 117 (2015) 666–672
149,C[n+]1ccn(Cc2ccccc2)c1.CC(=O)[O-],C[n+]1ccn(Cc2ccccc2)c1,CC(=O)[O-],MCC,60,2.0,6.031332486,"Green Chem., 2014, 16,1326"
150,C[N+](C)(C)CCO.NC(=O)CC(N)C(=O)[O-],C[N+](C)(C)CCO,NC(=O)CC(N)C(=O)[O-],cellulose,90,24.0,0.0,"Green Chem., 2012, 14, 304–307"
151,C[N+](C)(C)Cc1ccccc1.CC(=O)[O-],C[N+](C)(C)Cc1ccccc1,CC(=O)[O-],Avicel,115,0.5,9.0,"Ind. Eng. Chem. Res. 2019, 58, 16009−16017"
152,C[n+]1ccn(CCO)c1.CC(=O)[O-],C[n+]1ccn(CCO)c1,CC(=O)[O-],MCC,50,2.0,0.537344236,"Green Chem., 2014, 16,1326"
153,C[n+]1ccn(CCO)c1.CC(=O)[O-],C[n+]1ccn(CCO)c1,CC(=O)[O-],MCC,60,2.0,9.672196249,"Green Chem., 2014, 16,1326"
154,CC[N+](C)(C)CC.O=C([O-])/C=C/C(=O)O,CC[N+](C)(C)CC,O=C([O-])/C=C/C(=O)O,cellulose,60,0.5,0.0,"RSC Adv., 2012, 2, 2476–2479"
155,CCn1cc[n+](C)n1.[Br-],CCn1cc[n+](C)n1,[Br-],MCC,80,24.0,2.1,"J. Phys. Chem. B 2019, 123, 3994−4003"
156,C[N+](C)(C)CCO.CC(C)CC(N)C(=O)[O-],C[N+](C)(C)CCO,CC(C)CC(N)C(=O)[O-],cellulose,90,24.0,0.0,"Green Chem., 2012, 14, 304–307"
157,CCCCn1cc[n+](C)c1C.CC(=O)[O-],CCCCn1cc[n+](C)c1C,CC(=O)[O-],MCC,70,2.0,11.31261828,"Green Chem., 2014, 16,1326"
158,C=CCn1cc[n+](C)c1.O=C([O-])CO,C=CCn1cc[n+](C)c1,O=C([O-])CO,MCC,50,1.0,13.0,Y. Zhang et al. / Carbohydrate Polymers 117 (2015) 666–672
159,C=CCn1cc[n+](C)c1.O=C([O-])CO,C=CCn1cc[n+](C)c1,O=C([O-])CO,MCC,70,1.0,15.0,Y. Zhang et al. / Carbohydrate Polymers 117 (2015) 666–672
160,C=C[N+]1(C)CCOCC1.CC(=O)[O-],C=C[N+]1(C)CCOCC1,CC(=O)[O-],MCC,110,2.0,12.8259362,"Green Chem., 2014, 16,1326"
161,CCn1cc[n+](C)c1.c1nc[n-]n1,CCn1cc[n+](C)c1,c1nc[n-]n1,MCC,20,72.0,6.0,Carbohydrate Polymers 229 (2020) 115594
162,C[N+](C)(C)CCO.CC(C)C(N)C(=O)[O-],C[N+](C)(C)CCO,CC(C)C(N)C(=O)[O-],cellulose,90,24.0,0.0,"Green Chem., 2012, 14, 304–307"
163,C=CCn1cc[n+](C)c1.CCC(=O)[O-],C=CCn1cc[n+](C)c1,CCC(=O)[O-],MCC,80,1.0,23.0,Y. Zhang et al. / Carbohydrate Polymers 117 (2015) 666–672
164,Cn1cc[n+](C)c1.CC(=O)[O-],Cn1cc[n+](C)c1,CC(=O)[O-],cellulose,60,0.5,1.0,"RSC Adv., 2012, 2, 2476–2479"
165,CCCCCC[P+](CCCCCC)(CCCCCC)CCCCCC.O=C[O-],CCCCCC[P+](CCCCCC)(CCCCCC)CCCCCC,O=C[O-],cellulose,130,1.0,0.0,"Phys. Chem. Chem. Phys., 2015, 17, 32276--32282"
166,CC[N+](C)(CC)CCOC(C)OC(C)OC(C)OC(C)OC(C)O.O=S(=O)([N-]S(=O)(=O)C(F)(F)F)C(F)(F)F,CC[N+](C)(CC)CCOC(C)OC(C)OC(C)OC(C)OC(C)O,O=S(=O)([N-]S(=O)(=O)C(F)(F)F)C(F)(F)F,Avicel,110,1.0,0.0,"Green Chem., 2008, 10, 696–705"
167,Cn1cc[n+](C)c1.CCCC(=O)[O-],Cn1cc[n+](C)c1,CCCC(=O)[O-],cellulose,80,0.5,8.0,"RSC Adv., 2012, 2, 2476–2479"
168,CCCCCCCCCCCCCC[P+](CCCCCC)(CCCCCC)CCCCCC.N#C[N-]C#N,CCCCCCCCCCCCCC[P+](CCCCCC)(CCCCCC)CCCCCC,N#C[N-]C#N,Avicel,110,1.0,0.5,"Green Chem., 2008, 10, 696–705"
169,CCCCCC[P+](CCCCCC)(CCCCCC)CCCCCC.CCCCCC(=O)[O-],CCCCCC[P+](CCCCCC)(CCCCCC)CCCCCC,CCCCCC(=O)[O-],cellulose,130,1.0,0.0,"Phys. Chem. Chem. Phys., 2015, 17, 32276--32282"
170,C[n+]1ccn(CCOCCO)c1.[Cl-],C[n+]1ccn(CCOCCO)c1,[Cl-],Avicel,110,1.0,1.0,"Green Chem., 2008, 10, 696–705"
171,CCCCCC[P+](CCCCCC)(CCCCCC)CCCCCC.CCCCCCCCCC(=O)[O-],CCCCCC[P+](CCCCCC)(CCCCCC)CCCCCC,CCCCCCCCCC(=O)[O-],cellulose,130,1.0,0.0,"Phys. Chem. Chem. Phys., 2015, 17, 32276--32282"
172,C[N+](C)(C)CCO.NC(CC(=O)O)C(=O)[O-],C[N+](C)(C)CCO,NC(CC(=O)O)C(=O)[O-],cellulose,90,24.0,0.0,"Biotechnology and Bioengineering, Vol. 112, No. 1, January, 2015"
173,C=CCn1cc[n+](C)c1.CCCC(=O)[O-],C=CCn1cc[n+](C)c1,CCCC(=O)[O-],MCC,60,1.0,16.5,Y. Zhang et al. / Carbohydrate Polymers 117 (2015) 666–672
174,CCCCn1cc[n+](C)c1.O=S(=O)([N-]S(=O)(=O)C(F)(F)F)C(F)(F)F,CCCCn1cc[n+](C)c1,O=S(=O)([N-]S(=O)(=O)C(F)(F)F)C(F)(F)F,Avicel,110,1.0,0.5,"Green Chem., 2008, 10, 696–705"
175,C=CC[N+]1(C)CCCCC1.CC(=O)[O-],C=CC[N+]1(C)CCCCC1,CC(=O)[O-],MCC,90,2.0,5.021158436,"Green Chem., 2014, 16,1326"
176,C=CCn1cc[n+](C)c1.CCCC(=O)[O-],C=CCn1cc[n+](C)c1,CCCC(=O)[O-],MCC,50,1.0,16.0,Y. Zhang et al. / Carbohydrate Polymers 117 (2015) 666–672
177,CC[N+]1(C)CCOCC1.CC(=O)[O-],CC[N+]1(C)CCOCC1,CC(=O)[O-],MCC,40,2.0,0.0,"Green Chem., 2014, 16,1326"
178,Cn1cc[n+](C)c1.CC(=O)[O-],Cn1cc[n+](C)c1,CC(=O)[O-],cellulose,80,0.5,8.0,"RSC Adv., 2012, 2, 2476–2479"
179,C=CCn1cc[n+](C)c1.CC(=O)[O-],C=CCn1cc[n+](C)c1,CC(=O)[O-],MCC,40,1.0,16.0,Y. Zhang et al. / Carbohydrate Polymers 117 (2015) 666–672
180,Cn1cc[n+](C)c1.CCCC(=O)[O-],Cn1cc[n+](C)c1,CCCC(=O)[O-],cellulose,60,0.5,4.0,"RSC Adv., 2012, 2, 2476–2479"
181,Cn1cc[n+](C)c1.CC(C)C(=O)[O-],Cn1cc[n+](C)c1,CC(C)C(=O)[O-],cellulose,100,0.5,15.0,"RSC Adv., 2012, 2, 2476–2479"
182,CCCC[N+](C)(C)C1CCCCC1.O=C[O-],CCCC[N+](C)(C)C1CCCCC1,O=C[O-],cellulose,105,0.5,3.626943005,"RSC Adv., 2012, 2, 8429–8438"
183,CC[N+]1(C)CCOCC1.CC(=O)[O-],CC[N+]1(C)CCOCC1,CC(=O)[O-],MCC,120,2.0,16.39027954,"Green Chem., 2014, 16,1326"
184,CCCC[N+]1(C)CCCC1.CC(=O)[O-],CCCC[N+]1(C)CCCC1,CC(=O)[O-],MCC,110,2.0,0.994169796,"Green Chem., 2014, 16,1326"
185,Cn1cc[n+](C)c1.O=C[O-],Cn1cc[n+](C)c1,O=C[O-],cellulose,60,0.5,0.0,"RSC Adv., 2012, 2, 2476–2479"
186,COCC[NH+](C)C.CC(=O)[O-],COCC[NH+](C)C,CC(=O)[O-],Avicel,110,1.0,0.5,"Green Chem., 2008, 10, 696–705"
187,C=CCn1cc[n+](C)c1.CC(=O)[O-],C=CCn1cc[n+](C)c1,CC(=O)[O-],MCC,25,1.0,0.5,Y. Zhang et al. / Carbohydrate Polymers 117 (2015) 666–672
188,CCn1cc[n+](C)c1.c1nc[n-]n1,CCn1cc[n+](C)c1,c1nc[n-]n1,cellulose,20,72.0,5.0,Carbohydrate Polymers 229 (2020) 115594
189,CCCCn1cc[n+](C)c1.CC(=O)[O-],CCCCn1cc[n+](C)c1,CC(=O)[O-],MCC,90,2.0,24.73038483,"Green Chem., 2014, 16,1326"
190,C[N+](C)(C)CCO.CC(N)C(=O)[O-],C[N+](C)(C)CCO,CC(N)C(=O)[O-],cellulose,90,24.0,0.0,"Biotechnology and Bioengineering, Vol. 112, No. 1, January, 2015"
191,CCCCn1cc[n+](C)c1.[O-]c1ccccc1,CCCCn1cc[n+](C)c1,[O-]c1ccccc1,MCC,20,72.0,5.0,Carbohydrate Polymers 229 (2020) 115594
192,C=CCn1cc[n+](C)c1.O=C[O-],C=CCn1cc[n+](C)c1,O=C[O-],MCC,70,1.0,17.0,Y. Zhang et al. / Carbohydrate Polymers 117 (2015) 666–672
193,CCn1cc[n+](C)c1.O=C[O-],CCn1cc[n+](C)c1,O=C[O-],cellulose,100,0.5,15.0,"RSC Adv., 2012, 2, 2476–2479"
194,CCCCn1cc[n+](C)c1C.CC(=O)[O-],CCCCn1cc[n+](C)c1C,CC(=O)[O-],MCC,40,2.0,0.0,"Green Chem., 2014, 16,1326"
195,CCCC[N+]1(C)CCCCC1.CC(=O)[O-],CCCC[N+]1(C)CCCCC1,CC(=O)[O-],MCC,60,2.0,0.0,"Green Chem., 2014, 16,1326"
196,CC[N+](C)(C)CC.CCCC(=O)[O-],CC[N+](C)(C)CC,CCCC(=O)[O-],cellulose,100,0.5,0.0,"RSC Adv., 2012, 2, 2476–2479"
197,C=CCn1cc[n+](C)c1.O=C([O-])c1ccccc1,C=CCn1cc[n+](C)c1,O=C([O-])c1ccccc1,MCC,60,1.0,15.0,Y. Zhang et al. / Carbohydrate Polymers 117 (2015) 666–672
198,COCCn1cc[n+](C)c1.CC(=O)[O-],COCCn1cc[n+](C)c1,CC(=O)[O-],MCC,120,2.0,27.9837565,"Green Chem., 2014, 16,1326"
199,CCOCC[N+](C)(C)CCOC.O=S(=O)(NS(=O)(=O)C(F)(F)F)C(F)(F)F,CCOCC[N+](C)(C)CCOC,O=S(=O)(NS(=O)(=O)C(F)(F)F)C(F)(F)F,MCC,80,5.0,0.0,"New J. Chem., 2011, 35, 1596–1606"
200,COCCOCCOCCn1cc[n+](COCCOC)c1.CC(=O)[O-],COCCOCCOCCn1cc[n+](COCCOC)c1,CC(=O)[O-],Avicel,110,1.0,0.5,"Green Chem., 2008, 10, 696–705"
201,CCn1cc[n+](C)c1.O=C([O-])CCC(=O)O,CCn1cc[n+](C)c1,O=C([O-])CCC(=O)O,cellulose,60,0.5,0.0,"RSC Adv., 2012, 2, 2476–2479"
202,CCn1cc[n+](C)c1.CC(=O)[O-],CCn1cc[n+](C)c1,CC(=O)[O-],cellulose,80,0.5,11.0,"RSC Adv., 2012, 2, 2476–2479"
203,CCn1cc[n+](C)c1.O=C[O-],CCn1cc[n+](C)c1,O=C[O-],cellulose,60,0.5,0.0,"RSC Adv., 2012, 2, 2476–2479"
204,CCn1cc[n+](C)c1.CC(=O)[O-],CCn1cc[n+](C)c1,CC(=O)[O-],MCC,80,5.0,17.0,"New J. Chem., 2011, 35, 1596–1606"
205,C=CCn1cc[n+](C)c1.CCC(=O)[O-],C=CCn1cc[n+](C)c1,CCC(=O)[O-],MCC,50,1.0,22.0,Y. Zhang et al. / Carbohydrate Polymers 117 (2015) 666–672
206,CCCC[n+]1ccn(CCOCCOCCOC)c1.CC(=O)[O-],CCCC[n+]1ccn(CCOCCOCCOC)c1,CC(=O)[O-],Avicel,110,1.0,0.5,"Green Chem., 2008, 10, 696–705"
207,C=CCn1cc[n+](C)c1.O=C([O-])CO,C=CCn1cc[n+](C)c1,O=C([O-])CO,MCC,25,1.0,0.5,Y. Zhang et al. / Carbohydrate Polymers 117 (2015) 666–672
208,CCn1c[n+](CC)c2ccccc21.CC(=O)[O-],CCn1c[n+](CC)c2ccccc21,CC(=O)[O-],MCC,60,2.0,0.0,"Green Chem., 2014, 16,1326"
209,C[n+]1ccn(Cc2ccccc2)c1.CC(=O)[O-],C[n+]1ccn(Cc2ccccc2)c1,CC(=O)[O-],MCC,100,2.0,10.33942712,"Green Chem., 2014, 16,1326"
210,CCCC[N+](C)(C)C1CCCCC1.COCCOCC(=O)[O-],CCCC[N+](C)(C)C1CCCCC1,COCCOCC(=O)[O-],cellulose,105,0.5,4.712041885,"RSC Adv., 2012, 2, 8429–8438"
211,CCn1cc[n+](C)c1.N#C[N-]C#N,CCn1cc[n+](C)c1,N#C[N-]C#N,Avicel,100,1.0,0.0,"Green Chem., 2009,11, 417-424"
212,CCCC[n+]1nn(CC)c2ccccc21.CC(=O)[O-],CCCC[n+]1nn(CC)c2ccccc21,CC(=O)[O-],MCC,70,2.0,0.0,"Green Chem., 2014, 16,1326"
213,CCCC[N+]1(C)CCCCC1.CC(=O)[O-],CCCC[N+]1(C)CCCCC1,CC(=O)[O-],MCC,50,2.0,0.0,"Green Chem., 2014, 16,1326"
214,C[N+](C)(C)CCO.NC(Cc1ccccc1)C(=O)[O-],C[N+](C)(C)CCO,NC(Cc1ccccc1)C(=O)[O-],cellulose,90,24.0,0.0,"Green Chem., 2012, 14, 304–307"
215,CC[N+](C)(C)CCOC.CC(=O)[O-],CC[N+](C)(C)CCOC,CC(=O)[O-],MCC,80,5.0,13.0,"New J. Chem., 2011, 35, 1596–1606"
216,CCCCCCCCn1cc[n+](C)c1.CC(=O)[O-],CCCCCCCCn1cc[n+](C)c1,CC(=O)[O-],Avicel,110,1.0,1.0,"Green Chem., 2008, 10, 696–705"
217,CCCC[N+]1(C)CCCCC1.CC(=O)[O-],CCCC[N+]1(C)CCCCC1,CC(=O)[O-],MCC,120,2.0,3.252961499,"Green Chem., 2014, 16,1326"
218,CCCCC[P+](CCCCC)(CCCCC)CCCCC.O=C[O-],CCCCC[P+](CCCCC)(CCCCC)CCCCC,O=C[O-],cellulose,130,1.0,0.0,"Phys. Chem. Chem. Phys., 2015, 17, 32276--32282"
219,CCn1c[n+](CC)c2ccccc21.CC(=O)[O-],CCn1c[n+](CC)c2ccccc21,CC(=O)[O-],MCC,50,2.0,0.0,"Green Chem., 2014, 16,1326"
220,Cn1cc[n+](C)n1.O=S(=O)([N-]S(=O)(=O)C(F)(F)F)C(F)(F)F,Cn1cc[n+](C)n1,O=S(=O)([N-]S(=O)(=O)C(F)(F)F)C(F)(F)F,MCC,80,24.0,0.5,"J. Phys. Chem. B 2019, 123, 3994−4003"
221,CCCCn1c[n+](CC)c2ccccc21.CC(=O)[O-],CCCCn1c[n+](CC)c2ccccc21,CC(=O)[O-],MCC,90,2.0,0.0,"Green Chem., 2014, 16,1326"
222,CC[N+](C)(CC)CCOC(C)OC(C)OC(C)OC(C)OC(C)O.N#C[N-]C#N,CC[N+](C)(CC)CCOC(C)OC(C)OC(C)OC(C)OC(C)O,N#C[N-]C#N,Avicel,110,1.0,0.5,"Green Chem., 2008, 10, 696–705"
223,CCCCn1cc[n+](C)c1.CC(=O)[O-],CCCCn1cc[n+](C)c1,CC(=O)[O-],MCC,80,4.0,9.5,"Sci China Chem, 2016, 59: 1421–1429"
224,CCCCCC[P+](CCCCCC)(CCCCCC)CCCCCC.CCCCCCCC(=O)[O-],CCCCCC[P+](CCCCCC)(CCCCCC)CCCCCC,CCCCCCCC(=O)[O-],cellulose,130,1.0,0.0,"Phys. Chem. Chem. Phys., 2015, 17, 32276--32282"
225,C=CCn1cc[n+](C)c1.[Cl-],C=CCn1cc[n+](C)c1,[Cl-],MCC,80,4.0,14.5,"Sci China Chem, 2016, 59: 1421–1429"
226,C=CC[N+]1(C)CCOCC1.CC(O)C(=O)[O-],C=CC[N+]1(C)CCOCC1,CC(O)C(=O)[O-],cellulose,100,0.5,2.11,European Polymer Journal 92 (2017) 204–212
227,C[n+]1ccn(CCO)c1.CC(=O)[O-],C[n+]1ccn(CCO)c1,CC(=O)[O-],MCC,80,2.0,13.97095014,"Green Chem., 2014, 16,1326"
228,C=CCn1cc[n+](C)c1.CCC(=O)[O-],C=CCn1cc[n+](C)c1,CCC(=O)[O-],MCC,60,1.0,22.5,Y. Zhang et al. / Carbohydrate Polymers 117 (2015) 666–672
229,CCn1cc[n+](C)c1.c1c[n-]nn1,CCn1cc[n+](C)c1,c1c[n-]nn1,MCC,20,72.0,12.0,Carbohydrate Polymers 229 (2020) 115594
230,C[n+]1ccn(CCO)c1.CC(=O)[O-],C[n+]1ccn(CCO)c1,CC(=O)[O-],MCC,120,2.0,18.26970403,"Green Chem., 2014, 16,1326"
231,C=CCn1cc[n+](C)c1.O=C([O-])CO,C=CCn1cc[n+](C)c1,O=C([O-])CO,MCC,80,1.0,15.0,Y. Zhang et al. / Carbohydrate Polymers 117 (2015) 666–672
232,CCCC[N+]1(C)CCCC1.CC(=O)[O-],CCCC[N+]1(C)CCCC1,CC(=O)[O-],MCC,60,2.0,0.0,"Green Chem., 2014, 16,1326"
233,CCn1c[n+](CC)c2ccccc21.CC(=O)[O-],CCn1c[n+](CC)c2ccccc21,CC(=O)[O-],MCC,120,2.0,0.427100687,"Green Chem., 2014, 16,1326"
234,CCCCCCCCCCn1cc[n+](C)c1.CC(=O)[O-],CCCCCCCCCCn1cc[n+](C)c1,CC(=O)[O-],MCC,80,4.0,1.0,"Sci China Chem, 2016, 59: 1421–1429"
235,CCn1cc[n+](C)c1.O=C[O-],CCn1cc[n+](C)c1,O=C[O-],cellulose,80,0.5,14.0,"RSC Adv., 2012, 2, 2476–2479"
236,CCOCC[N+](C)(C)CCOCC.CC(=O)[O-],CCOCC[N+](C)(C)CCOCC,CC(=O)[O-],MCC,80,5.0,18.0,"New J. Chem., 2011, 35, 1596–1606"
237,CCn1cc[n+](C)c1.CCC(=O)[O-],CCn1cc[n+](C)c1,CCC(=O)[O-],cellulose,80,0.5,14.0,"RSC Adv., 2012, 2, 2476–2479"
238,COCC[N+](C)(C)CCOC.F[B-](F)(F)F,COCC[N+](C)(C)CCOC,F[B-](F)(F)F,MCC,80,5.0,0.0,"New J. Chem., 2011, 35, 1596–1606"
239,C=CCn1cc[n+](C)c1.O=C([O-])CO,C=CCn1cc[n+](C)c1,O=C([O-])CO,MCC,30,1.0,0.5,Y. Zhang et al. / Carbohydrate Polymers 117 (2015) 666–672
240,CCn1cc[n+](C)c1.O=C([O-])c1ccccc1O,CCn1cc[n+](C)c1,O=C([O-])c1ccccc1O,MCC,80,24.0,2.9,"Molecules 2020, 25, 3539"
241,C=CCn1cc[n+](C)c1.CCCC(=O)[O-],C=CCn1cc[n+](C)c1,CCCC(=O)[O-],MCC,70,1.0,17.5,Y. Zhang et al. / Carbohydrate Polymers 117 (2015) 666–672
242,COc1ccc(C[N+](C)(C)C)cc1.CC(=O)[O-],COc1ccc(C[N+](C)(C)C)cc1,CC(=O)[O-],Avicel,130,0.5,10.0,"Ind. Eng. Chem. Res. 2019, 58, 16009−16017"
243,COc1cc(C[N+](C)(C)C)cc(OC)c1OC.CC(=O)[O-],COc1cc(C[N+](C)(C)C)cc(OC)c1OC,CC(=O)[O-],Avicel,110,0.5,3.0,"Ind. Eng. Chem. Res. 2019, 58, 16009−16017"
244,CCCCCC[N+](C)(C)C1CCCCC1.COCCOCCOCC(=O)[O-],CCCCCC[N+](C)(C)C1CCCCC1,COCCOCCOCC(=O)[O-],cellulose,105,0.5,4.166666667,"RSC Adv., 2012, 2, 8429–8438"
245,C=CCn1cc[n+](C)c1.CC(O)C(=O)[O-],C=CCn1cc[n+](C)c1,CC(O)C(=O)[O-],MCC,70,1.0,11.5,Y. Zhang et al. / Carbohydrate Polymers 117 (2015) 666–672
246,C[n+]1ccn(Cc2ccccc2)c1.CC(=O)[O-],C[n+]1ccn(Cc2ccccc2)c1,CC(=O)[O-],MCC,120,2.0,14.64752175,"Green Chem., 2014, 16,1326"
247,C=CCn1cc[n+](C)c1.CCCC(=O)[O-],C=CCn1cc[n+](C)c1,CCCC(=O)[O-],MCC,30,1.0,12.5,Y. Zhang et al. / Carbohydrate Polymers 117 (2015) 666–672
248,C[n+]1ccn(Cc2ccccc2)c1.CC(=O)[O-],C[n+]1ccn(Cc2ccccc2)c1,CC(=O)[O-],MCC,40,2.0,0.0,"Green Chem., 2014, 16,1326"
249,C=CCn1cc[n+](C)c1.CC(O)C(=O)[O-],C=CCn1cc[n+](C)c1,CC(O)C(=O)[O-],MCC,50,1.0,8.0,Y. Zhang et al. / Carbohydrate Polymers 117 (2015) 666–672
250,C=CCn1cc[n+](C)c1.O=C([O-])c1ccccc1,C=CCn1cc[n+](C)c1,O=C([O-])c1ccccc1,MCC,40,1.0,0.5,Y. Zhang et al. / Carbohydrate Polymers 117 (2015) 666–672
251,C[n+]1ccn(CCOCCOCCO)c1.CC(=O)[O-],C[n+]1ccn(CCOCCOCCO)c1,CC(=O)[O-],Avicel,110,1.0,2.0,"Green Chem., 2008, 10, 696–705"
252,CC[N+]1(C)CCOCC1.CC(=O)[O-],CC[N+]1(C)CCOCC1,CC(=O)[O-],MCC,50,2.0,0.0,"Green Chem., 2014, 16,1326"
253,C[N+](C)(C)CCO.NC(CC(=O)[O-])C(=O)[O-],C[N+](C)(C)CCO,NC(CC(=O)[O-])C(=O)[O-],cellulose,90,24.0,0.0,"Biotechnology and Bioengineering, Vol. 112, No. 1, January, 2015"
254,CCn1cc[n+](C)c1.CCC(=O)[O-],CCn1cc[n+](C)c1,CCC(=O)[O-],cellulose,100,0.5,18.0,"RSC Adv., 2012, 2, 2476–2479"
255,CCCCCCCC[N+](C)(C)C1CCCCC1.COCCOCC(=O)[O-],CCCCCCCC[N+](C)(C)C1CCCCC1,COCCOCC(=O)[O-],cellulose,105,0.5,1.52284264,"RSC Adv., 2012, 2, 8429–8438"
256,CC[N+](C)(C)CC.O=C([O-])/C=C/C(=O)O,CC[N+](C)(C)CC,O=C([O-])/C=C/C(=O)O,cellulose,100,0.5,0.0,"RSC Adv., 2012, 2, 2476–2479"
257,C=CC[N+]1(C)CCCCC1.CC(=O)[O-],C=CC[N+]1(C)CCCCC1,CC(=O)[O-],MCC,110,2.0,8.033853497,"Green Chem., 2014, 16,1326"
258,C=CCn1cc[n+](C)c1.O=C[O-],C=CCn1cc[n+](C)c1,O=C[O-],MCC,25,1.0,0.5,Y. Zhang et al. / Carbohydrate Polymers 117 (2015) 666–672
259,COc1ccc(C[N+](C)(C)C)cc1OC.CC(=O)[O-],COc1ccc(C[N+](C)(C)C)cc1OC,CC(=O)[O-],Avicel,100,0.5,4.0,"Ind. Eng. Chem. Res. 2019, 58, 16009−16017"
260,CCCCn1c[n+](CC)c2ccccc21.CC(=O)[O-],CCCCn1c[n+](CC)c2ccccc21,CC(=O)[O-],MCC,70,2.0,0.0,"Green Chem., 2014, 16,1326"
261,CCCC[N+](C)(C)C1CCCCC1.COCCOCCOCC(=O)[O-],CCCC[N+](C)(C)C1CCCCC1,COCCOCCOCC(=O)[O-],cellulose,105,0.5,5.82010582,"RSC Adv., 2012, 2, 8429–8438"
262,CCCCCC[N+](C)(C)C1CCCCC1.O=C[O-],CCCCCC[N+](C)(C)C1CCCCC1,O=C[O-],cellulose,105,0.5,4.712041885,"RSC Adv., 2012, 2, 8429–8438"
263,CCCCn1cc[n+](C)c1.N#C[N-]C#N,CCCCn1cc[n+](C)c1,N#C[N-]C#N,Avicel,110,1.0,1.0,"Green Chem., 2008, 10, 696–705"
264,C=CC[N+]1(C)CCOCC1.[Cl-],C=CC[N+]1(C)CCOCC1,[Cl-],cellulose,100,0.5,5.75,European Polymer Journal 92 (2017) 204–212
265,C[N+](C)(C)CCO.O=C(O)CC(O)C(=O)[O-],C[N+](C)(C)CCO,O=C(O)CC(O)C(=O)[O-],cellulose,90,24.0,0.0,"Biotechnology and Bioengineering, Vol. 112, No. 1, January, 2015"
266,CCCCCCCCn1cc[n+](C)c1.CC(=O)[O-],CCCCCCCCn1cc[n+](C)c1,CC(=O)[O-],MCC,80,4.0,4.5,"Sci China Chem, 2016, 59: 1421–1429"
267,CCCCn1cc[n+](C)c1C.CC(=O)[O-],CCCCn1cc[n+](C)c1C,CC(=O)[O-],MCC,60,2.0,8.484463712,"Green Chem., 2014, 16,1326"
268,C=CCn1cc[n+](C)c1.CC(O)C(=O)[O-],C=CCn1cc[n+](C)c1,CC(O)C(=O)[O-],MCC,40,1.0,0.5,Y. Zhang et al. / Carbohydrate Polymers 117 (2015) 666–672
269,C=C[N+]1(C)CCOCC1.CC(=O)[O-],C=C[N+]1(C)CCOCC1,CC(=O)[O-],MCC,120,2.0,14.96359224,"Green Chem., 2014, 16,1326"
270,CC[N+]1(C)CCOCC1.CC(=O)[O-],CC[N+]1(C)CCOCC1,CC(=O)[O-],MCC,70,2.0,1.586156085,"Green Chem., 2014, 16,1326"
271,CC[N+](C)(C)CC.CC(=O)[O-],CC[N+](C)(C)CC,CC(=O)[O-],cellulose,80,0.5,0.0,"RSC Adv., 2012, 2, 2476–2479"
272,C=CCn1cc[n+](C)c1.CC(O)C(=O)[O-],C=CCn1cc[n+](C)c1,CC(O)C(=O)[O-],MCC,30,1.0,0.5,Y. Zhang et al. / Carbohydrate Polymers 117 (2015) 666–672
273,C=C[N+]1(C)CCOCC1.CC(=O)[O-],C=C[N+]1(C)CCOCC1,CC(=O)[O-],MCC,100,2.0,11.22269418,"Green Chem., 2014, 16,1326"
274,C[N+](C)(C)CCO.NC(Cc1c[nH]c2ccccc12)C(=O)[O-],C[N+](C)(C)CCO,NC(Cc1c[nH]c2ccccc12)C(=O)[O-],cellulose,90,24.0,0.0,"Green Chem., 2012, 14, 304–307"
275,CCn1cc[n+](C)c1.[O-]c1ccccc1,CCn1cc[n+](C)c1,[O-]c1ccccc1,cellulose,20,6.0,14.0,Carbohydrate Polymers 229 (2020) 115594
276,CCCCn1cc[n+](C)c1.CC(=O)[O-],CCCCn1cc[n+](C)c1,CC(=O)[O-],MCC,100,2.0,27.25389348,"Green Chem., 2014, 16,1326"
277,CCn1cc[n+](C)c1.CC(=O)[O-],CCn1cc[n+](C)c1,CC(=O)[O-],cellulose,100,0.5,16.0,"RSC Adv., 2012, 2, 2476–2479"
278,CC[N+](C)(C)CC.CC(=O)[O-],CC[N+](C)(C)CC,CC(=O)[O-],cellulose,60,0.5,0.0,"RSC Adv., 2012, 2, 2476–2479"
279,CCCCn1cc[n+](C)c1.CC(=O)[O-],CCCCn1cc[n+](C)c1,CC(=O)[O-],MCC,80,2.0,18.16926232,"Green Chem., 2014, 16,1326"
280,C=CCn1cc[n+](C)c1.O=C[O-],C=CCn1cc[n+](C)c1,O=C[O-],MCC,50,1.0,10.0,Y. Zhang et al. / Carbohydrate Polymers 117 (2015) 666–672
281,CCn1cn[n+](C)c1.CC(=O)[O-],CCn1cn[n+](C)c1,CC(=O)[O-],MCC,80,24.0,17.5,"J. Phys. Chem. B 2019, 123, 3994−4003"
282,CC[n+]1ccn(CCOCCOC)c1.CC(=O)[O-],CC[n+]1ccn(CCOCCOC)c1,CC(=O)[O-],Avicel,110,1.0,12.0,"Green Chem., 2008, 10, 696–705"
283,C=CCn1cc[n+](C)c1.O=C[O-],C=CCn1cc[n+](C)c1,O=C[O-],MCC,60,1.0,12.0,Y. Zhang et al. / Carbohydrate Polymers 117 (2015) 666–672
284,C[n+]1ccn(Cc2ccccc2)c1.CC(=O)[O-],C[n+]1ccn(Cc2ccccc2)c1,CC(=O)[O-],MCC,50,2.0,0.430809463,"Green Chem., 2014, 16,1326"
285,Cn1cc[n+](C)c1.CC(C)C(=O)[O-],Cn1cc[n+](C)c1,CC(C)C(=O)[O-],cellulose,60,0.5,5.0,"RSC Adv., 2012, 2, 2476–2479"
286,Cn1cc[n+](C)c1.CC(=O)[O-],Cn1cc[n+](C)c1,CC(=O)[O-],cellulose,100,0.5,11.0,"RSC Adv., 2012, 2, 2476–2479"
287,COCCn1cc[n+](C)c1.CC(=O)[O-],COCCn1cc[n+](C)c1,CC(=O)[O-],MCC,90,2.0,19.48868756,"Green Chem., 2014, 16,1326"
288,CCn1c[n+](CC)c2ccccc21.CC(=O)[O-],CCn1c[n+](CC)c2ccccc21,CC(=O)[O-],MCC,90,2.0,0.0,"Green Chem., 2014, 16,1326"
289,CCCCn1c[n+](CC)c2ccccc21.CC(=O)[O-],CCCCn1c[n+](CC)c2ccccc21,CC(=O)[O-],MCC,100,2.0,0.0,"Green Chem., 2014, 16,1326"
290,CCCCn1c[n+](CC)c2ccccc21.CC(=O)[O-],CCCCn1c[n+](CC)c2ccccc21,CC(=O)[O-],MCC,60,2.0,0.0,"Green Chem., 2014, 16,1326"
291,C=CCn1cc[n+](C)c1.O=C[O-],C=CCn1cc[n+](C)c1,O=C[O-],MCC,30,1.0,6.0,Y. Zhang et al. / Carbohydrate Polymers 117 (2015) 666–672
292,CCn1cc[n+](C)c1.CC(=O)[O-],CCn1cc[n+](C)c1,CC(=O)[O-],MCC,80,4.0,15.1,"Sci China Chem, 2016, 59: 1421–1429"
293,CC[N+](C)(CC)CCOC(C)OC(C)OC(C)OC(C)OC(C)O.CC(=O)[O-],CC[N+](C)(CC)CCOC(C)OC(C)OC(C)OC(C)OC(C)O,CC(=O)[O-],Avicel,110,1.0,0.5,"Green Chem., 2008, 10, 696–705"
294,CCCCn1c[n+](CC)c2ccccc21.CC(=O)[O-],CCCCn1c[n+](CC)c2ccccc21,CC(=O)[O-],MCC,120,2.0,0.381434619,"Green Chem., 2014, 16,1326"
295,C[N+](C)(C)CCO.CC(O)C(N)C(=O)[O-],C[N+](C)(C)CCO,CC(O)C(N)C(=O)[O-],cellulose,90,24.0,0.0,"Green Chem., 2012, 14, 304–307"
296,CCCCn1cc[n+](C)c1.F[B-](F)(F)F,CCCCn1cc[n+](C)c1,F[B-](F)(F)F,Avicel,100,1.0,0.0,"Green Chem., 2009,11, 417-424"
297,C[N+](C)(C)CCO.O=C([O-])c1ccccc1,C[N+](C)(C)CCO,O=C([O-])c1ccccc1,cellulose,90,24.0,0.0,"Biotechnology and Bioengineering, Vol. 112, No. 1, January, 2015"
298,CCn1cc[n+](C)c1.O=C([O-])/C=C/C(=O)O,CCn1cc[n+](C)c1,O=C([O-])/C=C/C(=O)O,cellulose,80,0.5,0.0,"RSC Adv., 2012, 2, 2476–2479"
299,CCCCn1cc[n+](C)c1.CC(=O)[O-],CCCCn1cc[n+](C)c1,CC(=O)[O-],MCC,120,2.0,29.27270041,"Green Chem., 2014, 16,1326"
300,C[n+]1ccn(CCO)c1.CC(=O)[O-],C[n+]1ccn(CCO)c1,CC(=O)[O-],MCC,100,2.0,17.73235979,"Green Chem., 2014, 16,1326"
301,CCn1cc[n+](C)c1.CC(=O)[O-],CCn1cc[n+](C)c1,CC(=O)[O-],MCC,80,24.0,21.1,"J. Phys. Chem. B 2019, 123, 3994−4003"
302,Cn1cc[n+](C)c1.CCC(=O)[O-],Cn1cc[n+](C)c1,CCC(=O)[O-],cellulose,80,0.5,8.0,"RSC Adv., 2012, 2, 2476–2479"
303,CCn1c[n+](CC)c2ccccc21.CC(=O)[O-],CCn1c[n+](CC)c2ccccc21,CC(=O)[O-],MCC,110,2.0,0.0,"Green Chem., 2014, 16,1326"
304,CC[N+](C)(C)CC.CCCC(=O)[O-],CC[N+](C)(C)CC,CCCC(=O)[O-],cellulose,80,0.5,0.0,"RSC Adv., 2012, 2, 2476–2479"
305,C=CCn1cc[n+](C)c1.O=C([O-])CO,C=CCn1cc[n+](C)c1,O=C([O-])CO,MCC,40,1.0,9.0,Y. Zhang et al. / Carbohydrate Polymers 117 (2015) 666–672
306,CCn1cc[n+](C)c1.CC(=O)[O-],CCn1cc[n+](C)c1,CC(=O)[O-],cellulose,60,0.5,9.0,"RSC Adv., 2012, 2, 2476–2479"
307,CCCCCC[N+](C)(C)C1CCCCC1.CC(=O)[O-],CCCCCC[N+](C)(C)C1CCCCC1,CC(=O)[O-],cellulose,105,0.5,9.89010989,"RSC Adv., 2012, 2, 8429–8438"
308,CCCC[n+]1nn(CC)c2ccccc21.CC(=O)[O-],CCCC[n+]1nn(CC)c2ccccc21,CC(=O)[O-],MCC,50,2.0,0.0,"Green Chem., 2014, 16,1326"
309,CCn1cc[n+](C)c1.CCCC(=O)[O-],CCn1cc[n+](C)c1,CCCC(=O)[O-],cellulose,100,0.5,16.0,"RSC Adv., 2012, 2, 2476–2479"
310,C=CCn1cc[n+](C)c1.O=C([O-])c1ccccc1,C=CCn1cc[n+](C)c1,O=C([O-])c1ccccc1,MCC,50,1.0,10.5,Y. Zhang et al. / Carbohydrate Polymers 117 (2015) 666–672
311,CCCCn1cc[n+](C)c1C.CC(=O)[O-],CCCCn1cc[n+](C)c1C,CC(=O)[O-],MCC,50,2.0,2.356795476,"Green Chem., 2014, 16,1326"
312,CCn1cc[n+](C)c1.F[B-](F)(F)F,CCn1cc[n+](C)c1,F[B-](F)(F)F,MCC,80,4.0,0.0,"Sci China Chem, 2016, 59: 1421–1429"
313,CCCCn1c[n+](CC)c2ccccc21.CC(=O)[O-],CCCCn1c[n+](CC)c2ccccc21,CC(=O)[O-],MCC,50,2.0,0.0,"Green Chem., 2014, 16,1326"
314,CCCC[n+]1nn(CC)c2ccccc21.CC(=O)[O-],CCCC[n+]1nn(CC)c2ccccc21,CC(=O)[O-],MCC,60,2.0,0.0,"Green Chem., 2014, 16,1326"
315,C=CCn1cc[n+](C)c1.O=C([O-])c1ccccc1,C=CCn1cc[n+](C)c1,O=C([O-])c1ccccc1,MCC,80,1.0,18.0,Y. Zhang et al. / Carbohydrate Polymers 117 (2015) 666–672
316,CC[N+]1(C)CCOCC1.CC(=O)[O-],CC[N+]1(C)CCOCC1,CC(=O)[O-],MCC,100,2.0,11.10309259,"Green Chem., 2014, 16,1326"
317,CCCC[N+]1(C)CCCC1.CC(=O)[O-],CCCC[N+]1(C)CCCC1,CC(=O)[O-],MCC,70,2.0,0.0,"Green Chem., 2014, 16,1326"
318,C[n+]1ccn(CCO)c1.CC(=O)[O-],C[n+]1ccn(CCO)c1,CC(=O)[O-],MCC,110,2.0,18.26970403,"Green Chem., 2014, 16,1326"
319,C=CC[N+]1(C)CCCCC1.CC(=O)[O-],C=CC[N+]1(C)CCCCC1,CC(=O)[O-],MCC,100,2.0,7.02962181,"Green Chem., 2014, 16,1326"
320,C[N+](C)(C)CCO.NCC(=O)[O-],C[N+](C)(C)CCO,NCC(=O)[O-],cellulose,90,24.0,0.0,"Biotechnology and Bioengineering, Vol. 112, No. 1, January, 2015"
321,C=CC[n+]1cccc(C)c1.[Cl-],C=CC[n+]1cccc(C)c1,[Cl-],cellulose,110,2.0,2.21,European Polymer Journal 92 (2017) 204–212
322,C=CCn1cc[n+](C)c1.CCC(=O)[O-],C=CCn1cc[n+](C)c1,CCC(=O)[O-],MCC,70,1.0,22.5,Y. Zhang et al. / Carbohydrate Polymers 117 (2015) 666–672
323,CCCC[N+](C)(C)C1CCCCC1.CC(=O)[O-],CCCC[N+](C)(C)C1CCCCC1,CC(=O)[O-],cellulose,105,0.5,8.108108108,"RSC Adv., 2012, 2, 8429–8438"
324,C[n+]1ccn(Cc2ccccc2)c1.CC(=O)[O-],C[n+]1ccn(Cc2ccccc2)c1,CC(=O)[O-],MCC,110,2.0,12.9242839,"Green Chem., 2014, 16,1326"
325,C=CCn1cc[n+](C)c1.CC(=O)[O-],C=CCn1cc[n+](C)c1,CC(=O)[O-],MCC,30,1.0,14.0,Y. Zhang et al. / Carbohydrate Polymers 117 (2015) 666–672
326,C=CC[NH2+]CC=C.O=C[O-],C=CC[NH2+]CC=C,O=C[O-],MCC,80,24.0,0.0,"Ind. Eng. Chem. Res. 2010, 49, 11809–11813"
327,Cn1cc[n+](C)c1.CCC(=O)[O-],Cn1cc[n+](C)c1,CCC(=O)[O-],cellulose,60,0.5,3.0,"RSC Adv., 2012, 2, 2476–2479"
328,C[N+](C)(C)CCO.NC(=O)CCC(N)C(=O)[O-],C[N+](C)(C)CCO,NC(=O)CCC(N)C(=O)[O-],cellulose,90,24.0,0.0,"Green Chem., 2012, 14, 304–307"
329,C[N+](C)(C)CCO.O=C([O-])CCC(=O)O,C[N+](C)(C)CCO,O=C([O-])CCC(=O)O,cellulose,90,24.0,0.0,"Biotechnology and Bioengineering, Vol. 112, No. 1, January, 2015"
330,Cn1cc[n+](C)n1.[I-],Cn1cc[n+](C)n1,[I-],MCC,200,24.0,1.8,"J. Phys. Chem. B 2019, 123, 3994−4003"
331,CCCCCC[P+](CCCCCC)(CCCCCC)CCCCCC.O=C[O-],CCCCCC[P+](CCCCCC)(CCCCCC)CCCCCC,O=C[O-],cellulose,130,1.0,0.0,"Phys. Chem. Chem. Phys., 2015, 17, 32276--32282"
332,C[N+](C)(C)CCO.N#C[N-]C#N,C[N+](C)(C)CCO,N#C[N-]C#N,Avicel,110,1.0,0.0,"Green Chem., 2008, 10, 696–705"
333,COCCn1cc[n+](C)c1.CC(=O)[O-],COCCn1cc[n+](C)c1,CC(=O)[O-],MCC,40,2.0,3.9976795,"Green Chem., 2014, 16,1326"
334,CCn1cc[n+](C)c1.CCOS(=O)(=O)[O-],CCn1cc[n+](C)c1,CCOS(=O)(=O)[O-],Avicel,100,1.0,0.0,"Green Chem., 2009,11, 417-424"
335,C=CCn1cc[n+](C)c1.CC(=O)[O-],C=CCn1cc[n+](C)c1,CC(=O)[O-],MCC,80,4.0,11.6,"Sci China Chem, 2016, 59: 1421–1429"
336,CCCC[N+]1(C)CCCCC1.CC(=O)[O-],CCCC[N+]1(C)CCCCC1,CC(=O)[O-],MCC,100,2.0,1.394126357,"Green Chem., 2014, 16,1326"
337,C=CCn1c(C)c(C)[n+](C)c1C.[Cl-],C=CCn1c(C)c(C)[n+](C)c1C,[Cl-],MCC,196,4.0,0.0,"Sci China Chem, 2016, 59: 1421–1429"
338,CC[N+]1(C)CCOCC1.CC(=O)[O-],CC[N+]1(C)CCOCC1,CC(=O)[O-],MCC,90,2.0,9.51693651,"Green Chem., 2014, 16,1326"
339,CCCCn1cc[n+](C)c1.CC(=O)[O-],CCCCn1cc[n+](C)c1,CC(=O)[O-],MCC,60,2.0,13.12224501,"Green Chem., 2014, 16,1326"
340,CC[N+](C)(C)CC.O=C([O-])/C=C/C(=O)O,CC[N+](C)(C)CC,O=C([O-])/C=C/C(=O)O,cellulose,80,0.5,0.0,"RSC Adv., 2012, 2, 2476–2479"
341,CCCC[N+]1(C)CCCC1.CC(=O)[O-],CCCC[N+]1(C)CCCC1,CC(=O)[O-],MCC,50,2.0,0.0,"Green Chem., 2014, 16,1326"
342,C[N+](C)(C)CCO.CC(=O)[O-],C[N+](C)(C)CCO,CC(=O)[O-],cellulose,90,24.0,0.0,"Biotechnology and Bioengineering, Vol. 112, No. 1, January, 2015"
343,COCCn1cc[n+](C)c1.CC(=O)[O-],COCCn1cc[n+](C)c1,CC(=O)[O-],MCC,80,2.0,14.49158819,"Green Chem., 2014, 16,1326"
344,COCCn1cc[n+](C)c1.CC(=O)[O-],COCCn1cc[n+](C)c1,CC(=O)[O-],MCC,60,2.0,10.49390869,"Green Chem., 2014, 16,1326"
345,Cn1cc[n+](C)c1.CC(C)C(=O)[O-],Cn1cc[n+](C)c1,CC(C)C(=O)[O-],cellulose,80,0.5,8.0,"RSC Adv., 2012, 2, 2476–2479"
346,CCCCCCCC[N+](C)(C)C1CCCCC1.CC(=O)[O-],CCCCCCCC[N+](C)(C)C1CCCCC1,CC(=O)[O-],cellulose,105,0.5,6.382978723,"RSC Adv., 2012, 2, 8429–8438"
347,C=CCn1cc[n+](C)c1.CC(O)C(=O)[O-],C=CCn1cc[n+](C)c1,CC(O)C(=O)[O-],MCC,80,1.0,11.5,Y. Zhang et al. / Carbohydrate Polymers 117 (2015) 666–672
348,C[N+](C)(C)CCO.CC(N)C(=O)[O-],C[N+](C)(C)CCO,CC(N)C(=O)[O-],cellulose,90,24.0,0.0,"Green Chem., 2012, 14, 304–307"
349,CCCC[n+]1nn(CC)c2ccccc21.CC(=O)[O-],CCCC[n+]1nn(CC)c2ccccc21,CC(=O)[O-],MCC,40,2.0,0.0,"Green Chem., 2014, 16,1326"
350,CCCC[N+]1(C)CCCCC1.CC(=O)[O-],CCCC[N+]1(C)CCCCC1,CC(=O)[O-],MCC,90,2.0,0.929417571,"Green Chem., 2014, 16,1326"
351,CCCC[N+]1(C)CCCC1.CC(=O)[O-],CCCC[N+]1(C)CCCC1,CC(=O)[O-],MCC,90,2.0,0.0,"Green Chem., 2014, 16,1326"
352,CCCCCCn1cc[n+](C)c1.CC(=O)[O-],CCCCCCn1cc[n+](C)c1,CC(=O)[O-],MCC,80,4.0,7.1,"Sci China Chem, 2016, 59: 1421–1429"
353,C=CCn1cc[n+](C)c1.O=C([O-])c1ccccc1,C=CCn1cc[n+](C)c1,O=C([O-])c1ccccc1,MCC,25,1.0,0.5,Y. Zhang et al. / Carbohydrate Polymers 117 (2015) 666–672
354,C[N+](C)(C)CCO.NC(CCC(=O)O)C(=O)[O-],C[N+](C)(C)CCO,NC(CCC(=O)O)C(=O)[O-],cellulose,90,24.0,0.0,"Green Chem., 2012, 14, 304–307"
355,COCC[NH+](C)CCOC.CC(=O)[O-],COCC[NH+](C)CCOC,CC(=O)[O-],Avicel,110,1.0,0.5,"Green Chem., 2008, 10, 696–705"
356,CCCCCCCCCCCCn1cc[n+](C)c1.CC(=O)[O-],CCCCCCCCCCCCn1cc[n+](C)c1,CC(=O)[O-],MCC,80,4.0,0.5,"Sci China Chem, 2016, 59: 1421–1429"
357,CCn1cc[n+](C)c1.CCCC(=O)[O-],CCn1cc[n+](C)c1,CCCC(=O)[O-],cellulose,60,0.5,9.0,"RSC Adv., 2012, 2, 2476–2479"
358,CCCC[N+]1(C)CCCC1.CC(=O)[O-],CCCC[N+]1(C)CCCC1,CC(=O)[O-],MCC,100,2.0,0.497084898,"Green Chem., 2014, 16,1326"
359,CCn1c(C)c(C)[n+](C)c1C.CC(=O)[O-],CCn1c(C)c(C)[n+](C)c1C,CC(=O)[O-],MCC,183,4.0,0.0,"Sci China Chem, 2016, 59: 1421–1429"
360,CC[n+]1ccn(CCOCCOCCOC)c1.CC(=O)[O-],CC[n+]1ccn(CCOCCOCCOC)c1,CC(=O)[O-],Avicel,110,1.0,12.0,"Green Chem., 2008, 10, 696–705"
361,CC[N+]1(C)CCOCC1.CC(=O)[O-],CC[N+]1(C)CCOCC1,CC(=O)[O-],MCC,60,2.0,0.528718695,"Green Chem., 2014, 16,1326"
362,C=CCn1cc[n+](C)c1.CC(=O)[O-],C=CCn1cc[n+](C)c1,CC(=O)[O-],MCC,60,1.0,18.0,Y. Zhang et al. / Carbohydrate Polymers 117 (2015) 666–672
363,CCn1cc[n+](C)c1.CCC(=O)[O-],CCn1cc[n+](C)c1,CCC(=O)[O-],cellulose,60,0.5,12.0,"RSC Adv., 2012, 2, 2476–2479"
364,CCCCC[P+](CCCCC)(CCCCC)CCCCC.O=C[O-],CCCCC[P+](CCCCC)(CCCCC)CCCCC,O=C[O-],cellulose,130,1.0,0.0,"Phys. Chem. Chem. Phys., 2015, 17, 32276--32282"
365,C=CCn1cc[n+](C)c1.CC(=O)[O-],C=CCn1cc[n+](C)c1,CC(=O)[O-],MCC,50,1.0,16.5,Y. Zhang et al. / Carbohydrate Polymers 117 (2015) 666–672
366,COCCn1cc[n+](C)c1.CC(=O)[O-],COCCn1cc[n+](C)c1,CC(=O)[O-],MCC,70,2.0,11.49332856,"Green Chem., 2014, 16,1326"
367,[NH3+]CCO.O=C[O-],[NH3+]CCO,O=C[O-],MCC,80,24.0,0.0,"Ind. Eng. Chem. Res. 2010, 49, 11809–11813"
368,CCCCn1cc[n+](C)c1C.CC(=O)[O-],CCCCn1cc[n+](C)c1C,CC(=O)[O-],MCC,80,2.0,12.72669557,"Green Chem., 2014, 16,1326"
369,CCCC[N+](CCCC)(CCCC)CCCC.O=C[O-],CCCC[N+](CCCC)(CCCC)CCCC,O=C[O-],Avicel,110,1.0,1.5,"Green Chem., 2008, 10, 696–705"
370,CCn1cc[n+](C)c1.CCCC(=O)[O-],CCn1cc[n+](C)c1,CCCC(=O)[O-],cellulose,80,0.5,12.0,"RSC Adv., 2012, 2, 2476–2479"
371,C=CC[N+]1(C)CCCCC1.CC(=O)[O-],C=CC[N+]1(C)CCCCC1,CC(=O)[O-],MCC,50,2.0,0.0,"Green Chem., 2014, 16,1326"
372,CCn1cc[n+](C)c1.O=S(=O)([N-]S(=O)(=O)C(F)(F)F)C(F)(F)F,CCn1cc[n+](C)c1,O=S(=O)([N-]S(=O)(=O)C(F)(F)F)C(F)(F)F,Avicel,110,1.0,0.0,"Green Chem., 2008, 10, 696–705"
373,C=CC[N+]1(C)CCCCC1.CC(=O)[O-],C=CC[N+]1(C)CCCCC1,CC(=O)[O-],MCC,60,2.0,0.0,"Green Chem., 2014, 16,1326"
374,OCC[NH+](CCO)CCO.O=C[O-],OCC[NH+](CCO)CCO,O=C[O-],MCC,80,24.0,0.0,"Ind. Eng. Chem. Res. 2010, 49, 11809–11813"
375,CCCCn1cc[n+](C)c1.CC(=O)[O-],CCCCn1cc[n+](C)c1,CC(=O)[O-],MCC,110,2.0,28.26329694,"Green Chem., 2014, 16,1326"
376,C[N+](C)(C)CCO.NCC(=O)[O-],C[N+](C)(C)CCO,NCC(=O)[O-],cellulose,90,24.0,0.0,"Green Chem., 2012, 14, 304–307"
377,CC[N+](C)(CC)CCOC(C)OC(C)OC(C)OC(C)OC(C)O.O=C[O-],CC[N+](C)(CC)CCOC(C)OC(C)OC(C)OC(C)OC(C)O,O=C[O-],Avicel,110,1.0,0.5,"Green Chem., 2008, 10, 696–705"
378,CCCCC[P+](CCCCC)(CCCCC)CCCCC.CCCCCCCCCCCC(=O)[O-],CCCCC[P+](CCCCC)(CCCCC)CCCCC,CCCCCCCCCCCC(=O)[O-],cellulose,130,1.0,0.0,"Phys. Chem. Chem. Phys., 2015, 17, 32276--32282"
